Location,Plot Number,Size,Floor,Accommodation,Possession,Price,Facing,Park Facing,Corner,,,,,,,,,,,
Sushant Lok 1,A329A,360 square feet,1st Floor,4 BHK,READY,3.9 crores,WEST,NO,NO,,,,,,,,,,,
Sushant Lok 1,A329A,360 square feet,2nd Floor,4 BHK,READY,3.75 crores,WEST,NO,NO,,,,,,,,,,,
Sushant Lok 1,A329A,360 square feet,3rd Floor,4 BHK,READY,3.75 crores,WEST,NO,NO,,,,,,,,,,,
Sushant Lok 1,B473,300 square feet,2nd Floor,4 BHK,READY,3.6 crores,NORTH,NO,NO,,,,,,,,,,,
Sushant Lok 1,B473,300 square feet,3rd Floor,4 BHK,READY,3.6 crores,NORTH,NO,NO,,,,,,,,,,,
Sushant Lok 1,C403,300 square feet,1st Floor,4 BHK,READY,3.5 crores,EAST,NO,NO,,,,,,,,,,,
Sushant Lok 1,C403,300 square feet,2nd Floor,4 BHK,READY,3.35 crores,EAST,NO,NO,,,,,,,,,,,
Sushant Lok 1,C403,300 square feet,4th Floor,4 BHK,READY,4 crores,EAST,NO,NO,,,,,,,,,,,
Sushant Lok 1,C430A,270 square feet,4th Floor,4 BHK,READY,3.25 crores,WEST,YES,NO,,,,,,,,,,,
Sushant Lok 1,C959,215 square feet,1st Floor,3 BHK,READY,2.35 crores,EAST,NO,NO,,,,,,,,,,,
Sushant Lok 1,C973,500 square feet,1st Floor,4 BHK,READY,5.75 crores,SOUTH,YES,NO,,,,,,,,,,,
Sushant Lok 1,C973,500 square feet,2nd Floor,4 BHK,READY,5.5 crores,SOUTH,YES,NO,,,,,,,,,,,
Sushant Lok 1,C973,500 square feet,3rd Floor,4 BHK,READY,6.5 crores,SOUTH,YES,NO,,,,,,,,,,,
Sushant Lok 1,C974,500 square feet,1st Floor,4 BHK,READY,5.75 crores,SOUTH,YES,NO,,,,,,,,,,,
DLF City Phase 4,3705,360 square feet,1st Floor,4 BHK,READY,3.7 crores,SOUTHEAST,YES,NO,,,,,,,,,,,
DLF City Phase 4,3705,360 square feet,3rd Floor,4 BHK,READY,3.5 crores,SOUTHEAST,YES,NO,,,,,,,,,,,
DLF City Phase 4,3705,360 square feet,4th Floor,4 BHK,READY,4.15 crores,SOUTHEAST,YES,NO,,,,,,,,,,,
DLF City Phase 4,3706,360 square feet,1st Floor,4 BHK,READY,3.7 crores,SOUTHEAST,YES,NO,,,,,,,,,,,
Sector 27,564,500 square feet,4th Floor,5 BHK,READY,4.25 crores,NORTH,NO,NO,,,,,,,,,,,
Sushant Lok 1,B366,300 square feet,2nd Floor,4 BHK,READY,3.5 crores,SOUTH,NO,NO,,,,,,,,,,,
Sushant Lok 1,B25D,300 square feet,1st Floor,4 BHK,READY,3.75 crores,SOUTH,NO,NO,,,,,,,,,,,
Sushant Lok 1,B25D,300 square feet,2nd Floor,4 BHK,READY,3.6 crores,SOUTH,NO,NO,,,,,,,,,,,
Sushant Lok 1,B25D,300 square feet,3rd Floor,4 BHK,READY,3.6 crores,SOUTH,NO,NO,,,,,,,,,,,
Sushant Lok 1,B573,418 square feet,3rd Floor,4 BHK,READY,4.25 crores,SOUTH,NO,NO,,,,,,,,,,,
Sushant Lok 1,C134,418 square feet,1st Floor,4 BHK,READY,3.75 crores,EAST,NO,NO,,,,,,,,,,,
Sushant Lok 1,C134,418 square feet,2nd Floor,4 BHK,READY,3.5 crores,EAST,NO,NO,,,,,,,,,,,
Sushant Lok 1,C134,418 square feet,4th Floor,4 BHK,READY,4.5 crores,EAST,NO,NO,,,,,,,,,,,
Sushant Lok 1,C339,300 square feet,1st Floor,4 BHK,READY,3.5 crores,WEST,NO,NO,,,,,,,,,,,
Sushant Lok 1,C339,300 square feet,2nd Floor,4 BHK,READY,3.35 crores,WEST,NO,NO,,,,,,,,,,,
Sushant Lok 1,C339,300 square feet,3rd Floor,4 BHK,READY,3.35 crores,WEST,NO,NO,,,,,,,,,,,
Sushant Lok 1,C339,300 square feet,4th Floor,4 BHK,READY,3.6 crores,WEST,NO,NO,,,,,,,,,,,
Sushant Lok 1,C439,300 square feet,1st Floor,4 BHK,READY,3.75 crores,NORTH,NO,NO,,,,,,,,,,,
Sushant Lok 1,C638,215 square feet,2nd Floor,3 BHK,READY,2.35 crores,EAST,NO,NO,,,,,,,,,,,
Sushant Lok 1,C815,215 square feet,1st Floor,3 BHK,READY,2.25 crores,WEST,YES,NO,,,,,,,,,,,
Sushant Lok 1,C886,215 square feet,1st Floor,3 BHK,READY,2.3 crores,SOUTH,NO,NO,,,,,,,,,,,
Sushant Lok 1,C887,215 square feet,1st Floor,3 BHK,READY,2.3 crores,SOUTH,NO,NO,,,,,,,,,,,
Sushant Lok 1,C1090D,215 square feet,2nd Floor,3 BHK,READY,2.25 crores,WEST,YES,NO,,,,,,,,,,,
Sushant Lok 1,C1090D,215 square feet,3rd Floor,3 BHK,READY,2.25 crores,WEST,YES,NO,,,,,,,,,,,
Sushant Lok 1,C1601,215 square feet,2nd Floor,3 BHK,READY,2.15 crores,SOUTHEAST,YES,NO,,,,,,,,,,,
Sushant Lok 1,C1608,215 square feet,1st Floor,3 BHK,READY,2 crores,SOUTHEAST,NO,YES,,,,,,,,,,,
Sushant Lok 1,C1608,215 square feet,3rd Floor,3 BHK,READY,1.8 crores,SOUTHEAST,NO,YES,,,,,,,,,,,
Sector 43,922,204 square feet,1st Floor,3 BHK,READY,1.85 crores,SOUTHEAST,NO,NO,,,,,,,,,,,
Sector 28,127,204 square feet,1st Floor,3 BHK,READY,2.7 crores,EAST,NO,NO,,,,,,,,,,,
DLF City Phase 4,5512,360 square feet,2nd Floor,4 BHK,READY,4.25 crores,SOUTHEAST,NO,NO,,,,,,,,,,,
DLF City Phase 4,5512,360 square feet,4th Floor,4 BHK,READY,5.3 crores,SOUTHEAST,NO,NO,,,,,,,,,,,
DLF City Phase 2,L16/6,250 square feet,1st Floor,3 BHK,READY,2.65 crores,SOUTHEAST,NO,NO,,,,,,,,,,,
DLF City Phase 2,L16/6,250 square feet,2nd Floor,3 BHK,READY,2.55 crores,SOUTHEAST,NO,NO,,,,,,,,,,,
DLF City Phase 2,L16/6,250 square feet,3rd Floor,3 BHK,READY,2.55 crores,SOUTHEAST,NO,NO,,,,,,,,,,,
DLF City Phase 2,L16/6,250 square feet,4th Floor,3 BHK,READY,2.85 crores,SOUTHEAST,NO,NO,,,,,,,,,,,
DLF City Phase 1,C11/1A,400 square feet,2nd Floor,3 BHK,READY,4.75 crores,NORTHWEST,NO,NO,,,,,,,,,,,
Sushant Lok 1,A174B,418 square feet,1st Floor,4 BHK,READY,4.25 crores,NORTH,NO,NO,,,,,,,,,,,
Sushant Lok 1,A174B,418 square feet,2nd Floor,4 BHK,READY,3.75 crores,NORTH,NO,NO,,,,,,,,,,,
Sushant Lok 1,A174B,418 square feet,3rd Floor,4 BHK,READY,3.75 crores,NORTH,NO,NO,,,,,,,,,,,
Sushant Lok 1,A174B,418 square feet,4th Floor,4 BHK,READY,3.9 crores,NORTH,NO,NO,,,,,,,,,,,
Sector 43,33,342 square feet,1st Floor,4 BHK,READY,3.25 crores,NORTHEAST,NO,NO,,,,,,,,,,,
Sector 43,33,342 square feet,2nd Floor,4 BHK,READY,3.25 crores,NORTHEAST,NO,NO,,,,,,,,,,,
Sector 43,33,342 square feet,3rd Floor,4 BHK,READY,3.25 crores,NORTHEAST,NO,NO,,,,,,,,,,,
Sector 43,33,342 square feet,4th Floor,4 BHK,READY,3.25 crores,NORTHEAST,NO,NO,,,,,,,,,,,
Sector 43,556,263 square feet,1st Floor,3 BHK,READY,2.5 crores,EAST,NO,NO,,,,,,,,,,,
Sector 43,692,204 square feet,1st Floor,3 BHK,READY,1.95 crores,NORTHEAST,NO,NO,,,,,,,,,,,
Sector 43,692,204 square feet,4th Floor,3 BHK,READY,2.1 crores,NORTHEAST,NO,NO,,,,,,,,,,,
Sector 43,725,263 square feet,1st Floor,3 BHK,READY,2.5 crores,SOUTHEAST,NO,NO,,,,,,,,,,,
Sector 43,725,263 square feet,2nd Floor,3 BHK,READY,2.4 crores,SOUTHEAST,NO,NO,,,,,,,,,,,
Sector 43,916,204 square feet,1st Floor,3 BHK,READY,1.9 crores,SOUTHEAST,NO,NO,,,,,,,,,,,
Sector 43,916,204 square feet,2nd Floor,3 BHK,READY,1.9 crores,SOUTHEAST,NO,NO,,,,,,,,,,,
Sector 43,1014,204 square feet,1st Floor,3 BHK,READY,2.4 crores,NORTHWEST,NO,NO,,,,,,,,,,,
Sector 42,491,204 square feet,1st Floor,3 BHK,READY,2.6 crores,WEST,NO,NO,,,,,,,,,,,
Sector 42,491,204 square feet,2nd Floor,3 BHK,READY,1.9 crores,WEST,NO,NO,,,,,,,,,,,
Sector 42,491,204 square feet,3rd Floor,3 BHK,READY,1.9 crores,WEST,NO,NO,,,,,,,,,,,
Sector 42,491,204 square feet,4th Floor,3 BHK,READY,2.1 crores,WEST,NO,NO,,,,,,,,,,,
Sector 42,525J,204 square feet,1st Floor,3 BHK,READY,2.15 crores,EAST,NO,NO,,,,,,,,,,,
Sector 42,525J,204 square feet,3rd Floor,3 BHK,READY,2.05 crores,EAST,NO,NO,,,,,,,,,,,
DLF City Phase 3,S25/1,500 square feet,1st Floor,4 BHK,READY,4.5 crores,NORTH,YES,YES,,,,,,,,,,,
DLF City Phase 3,S25/1,500 square feet,2nd Floor,4 BHK,READY,4.25 crores,NORTH,YES,YES,,,,,,,,,,,
DLF City Phase 3,S25/1,500 square feet,3rd Floor,4 BHK,READY,4.25 crores,NORTH,YES,YES,,,,,,,,,,,
DLF City Phase 3,S25/1,500 square feet,4th Floor,4 BHK,READY,4.95 crores,NORTH,YES,YES,,,,,,,,,,,
South City 1,D144,360 square feet,1st Floor,4 BHK,READY,3.25 crores,NORTHWEST,NO,NO,,,,,,,,,,,
Sushant Lok 1,C379,300 square feet,1st Floor,4 BHK,READY,3.25 crores,SOUTH,NO,NO,,,,,,,,,,,
Sushant Lok 1,C892,215 square feet,1st Floor,3 BHK,READY,2.45 crores,SOUTH,NO,NO,,,,,,,,,,,
SUSHANT LOK 1,C1177,215 square feet,3rd Floor,3 BHK,READY,1.8 crores,SOUTHWEST,NO,NO,,,,,,,,,,,
Sushant Lok 1,C434A,270 square feet,1st Floor,4 BHK,READY,3.25 crores,WEST,NO,NO,,,,,,,,,,,
Sushant Lok 1,C434A,270 square feet,2nd Floor,4 BHK,READY,3.1 crores,WEST,NO,NO,,,,,,,,,,,
Sushant Lok 1,C434A,270 square feet,3rd Floor,4 BHK,READY,3.1 crores,WEST,NO,NO,,,,,,,,,,,
Sushant Lok 1,C434A,270 square feet,4th Floor,4 BHK,READY,3.5 crores,WEST,NO,NO,,,,,,,,,,,
Sushant Lok 1,C1526,215 square feet,3rd Floor,3 BHK,READY,2 crores,WEST,NO,NO,,,,,,,,,,,
Sushant Lok 1,C1526,215 square feet,4th Floor,3 BHK,READY,2.75 crores,WEST,NO,NO,,,,,,,,,,,
Sushant Lok 1,C1533,215 square feet,3rd Floor,3 BHK,READY,2.25 crores,WEST,NO,YES,,,,,,,,,,,
Sushant Lok 1,C2109A,300 square feet,1st Floor,4 BHK,READY,3.25 crores,SOUTH,YES,NO,,,,,,,,,,,
Sushant Lok 1,C2109A,300 square feet,2nd Floor,4 BHK,READY,3 crores,SOUTH,YES,NO,,,,,,,,,,,
Sushant Lok 1,C2109A,300 square feet,3rd Floor,4 BHK,READY,3 crores,SOUTH,YES,NO,,,,,,,,,,,
Sushant Lok 1,C2109A,300 square feet,4th Floor,4 BHK,READY,3.5 crores,SOUTH,YES,NO,,,,,,,,,,,
Sushant Lok 1,C2112A,300 square feet,1st Floor,4 BHK,READY,3.25 crores,SOUTH,YES,NO,,,,,,,,,,,
Sushant Lok 1,C2112A,300 square feet,2nd Floor,4 BHK,READY,3 crores,SOUTH,YES,NO,,,,,,,,,,,
Sushant Lok 1,C2112A,300 square feet,3rd Floor,4 BHK,READY,3 crores,SOUTH,YES,NO,,,,,,,,,,,
Sushant Lok 1,C2112A,300 square feet,4th Floor,4 BHK,READY,3.5 crores,SOUTH,YES,NO,,,,,,,,,,,
Sushant Lok 1,D200,215 square feet,1st Floor,3 BHK,READY,2.65 crores,SOUTH,NO,NO,,,,,,,,,,,
Sushant Lok 1,D200,215 square feet,3rd Floor,3 BHK,READY,2.55 crores,SOUTH,NO,NO,,,,,,,,,,,
Sushant Lok 1,D200,215 square feet,4th Floor,3 BHK,READY,2.95 crores,SOUTH,NO,NO,,,,,,,,,,,
Sector 27,510,263 square feet,3rd Floor,3 BHK,READY,2.25 crores,SOUTH,NO,NO,,,,,,,,,,,
DLF City Phase 3,S24/5,500 square feet,1st Floor,4 BHK,READY,4.5 crores,WEST,NO,NO,,,,,,,,,,,
DLF City Phase 3,S24/5,500 square feet,4th Floor,4 BHK,READY,5.25 crores,WEST,NO,NO,,,,,,,,,,,
Sushant Lok 1,C946,215 square feet,3rd Floor,3 BHK,READY,2.25 crores,NORTH,YES,NO,,,,,,,,,,,
Sushant Lok 1,C2597,465 square feet,1st Floor,4 BHK,READY,4.95 crores,NORTH,YES,YES,,,,,,,,,,,
Sushant Lok 1,C2597,465 square feet,2nd Floor,4 BHK,READY,4.8 crores,NORTH,YES,YES,,,,,,,,,,,
Sushant Lok 1,C2597,465 square feet,3rd Floor,4 BHK,READY,4.8 crores,NORTH,YES,YES,,,,,,,,,,,
Sushant Lok 1,C2597,465 square feet,4th Floor,4 BHK,READY,5.25 crores,NORTH,YES,YES,,,,,,,,,,,
Sector 15 Part 2,915,280 square feet,2nd Floor,3 BHK,READY,2.6 crores,NORTHEAST,NO,NO,,,,,,,,,,,
Sector 15 Part 2,915,280 square feet,4th Floor,3 BHK,READY,2.9 crores,NORTHEAST,NO,NO,,,,,,,,,,,
South City 1,K160,500 square feet,1st Floor,4 BHK,READY,6 crores,SOUTHEAST,NO,NO,,,,,,,,,,,
South City 1,K49,240 square feet,1st Floor,3 BHK,2M,2.75 crores,SOUTHEAST,NO,NO,,,,,,,,,,,
South City 1,K49,240 square feet,2nd Floor,3 BHK,2M,2.65 crores,SOUTHEAST,NO,NO,,,,,,,,,,,
South City 1,K49,240 square feet,3rd Floor,3 BHK,2M,2.65 crores,SOUTHEAST,NO,NO,,,,,,,,,,,
South City 1,K49,240 square feet,4th Floor,3 BHK,2M,2.7 crores,SOUTHEAST,NO,NO,,,,,,,,,,,
South City 1,K219,360 square feet,1st Floor,4 BHK,1M,3.75 crores,NORTHWEST,NO,NO,,,,,,,,,,,
South City 1,K219,360 square feet,2nd Floor,4 BHK,1M,3.65 crores,NORTHWEST,NO,NO,,,,,,,,,,,
South City 1,K219,360 square feet,3rd Floor,4 BHK,1M,3.65 crores,NORTHWEST,NO,NO,,,,,,,,,,,
South City 1,K219,360 square feet,4th Floor,4 BHK,1M,3.7 crores,NORTHWEST,NO,NO,,,,,,,,,,,
South City 1,N156,180 square feet,1st Floor,3 BHK,4M,1.8 crores,SOUTHEAST,NO,NO,,,,,,,,,,,
South City 1,N156,180 square feet,2nd Floor,3 BHK,4M,1.7 crores,SOUTHEAST,NO,NO,,,,,,,,,,,
South City 1,N156,180 square feet,3rd Floor,3 BHK,4M,1.7 crores,SOUTHEAST,NO,NO,,,,,,,,,,,
South City 1,N156,180 square feet,4th Floor,3 BHK,4M,1.75 crores,SOUTHEAST,NO,NO,,,,,,,,,,,
South City 1,B115,240 square feet,1st Floor,3 BHK,1M,2.5 crores,WEST,NO,NO,,,,,,,,,,,
South City 1,B115,240 square feet,4th Floor,3 BHK,1M,2.8 crores,WEST,NO,NO,,,,,,,,,,,
SECTOR 43,676,204 square feet,1st Floor,3 BHK,READY,1.8 crores,SOUTHWEST,YES,NO,,,,,,,,,,,
SECTOR 43,676,204 square feet,2nd Floor,3 BHK,READY,1.75 crores,SOUTHWEST,YES,NO,,,,,,,,,,,
SECTOR 43,676,204 square feet,3rd Floor,3 BHK,READY,1.75 crores,SOUTHWEST,YES,NO,,,,,,,,,,,
SECTOR 43,676,204 square feet,4th Floor,3 BHK,READY,1.95 crores,SOUTHWEST,YES,NO,,,,,,,,,,,
Sector 43,748,204 square feet,1st Floor,3 BHK,READY,1.95 crores,NORTHWEST,NO,NO,,,,,,,,,,,
Sector 43,748,204 square feet,2nd Floor,3 BHK,READY,1.85 crores,NORTHWEST,NO,NO,,,,,,,,,,,
Sector 43,748,204 square feet,3rd Floor,3 BHK,READY,1.85 crores,NORTHWEST,NO,NO,,,,,,,,,,,
DLF City Phase 4,5809,270 square feet,1st Floor,3 BHK,READY,3.5 crores,NORTHWEST,NO,NO,,,,,,,,,,,
DLF City Phase 4,5809,270 square feet,2nd Floor,3 BHK,READY,3.5 crores,NORTHWEST,NO,NO,,,,,,,,,,,
DLF City Phase 4,5809,270 square feet,3rd Floor,3 BHK,READY,3.4 crores,NORTHWEST,NO,NO,,,,,,,,,,,
DLF City Phase 4,5809,270 square feet,4th Floor,3 BHK,READY,3.75 crores,NORTHWEST,NO,NO,,,,,,,,,,,
DLF City Phase 4,6402,270 square feet,2nd Floor,3 BHK,READY,3.25 crores,SOUTHEAST,NO,YES,,,,,,,,,,,
DLF City Phase 4,7207,270 square feet,1st Floor,3 BHK,READY,3.7 crores,NORTH,NO,NO,,,,,,,,,,,
DLF City Phase 4,7419,270 square feet,3rd Floor,3 BHK,READY,2.9 crores,NORTHEAST,NO,NO,,,,,,,,,,,
DLF City Phase 1,A4/1,500 square feet,1st Floor,4 BHK,READY,5.7 crores,SOUTHEAST,NO,YES,,,,,,,,,,,
DLF City Phase 1,A4/1,500 square feet,2nd Floor,4 BHK,READY,5.5 crores,SOUTHEAST,NO,YES,,,,,,,,,,,
DLF City Phase 1,A4/1,500 square feet,3rd Floor,4 BHK,READY,5.5 crores,SOUTHEAST,NO,YES,,,,,,,,,,,
DLF City Phase 1,A4/1,500 square feet,4th Floor,4 BHK,READY,6 crores,SOUTHEAST,NO,YES,,,,,,,,,,,
Sushant Lok 1,A220,418 square feet,1st Floor,4 BHK,READY,5 crores,NORTH,NO,NO,,,,,,,,,,,
Sushant Lok 1,A545A,500 square feet,3rd Floor,4 BHK,READY,5 crores,NORTH,NO,NO,,,,,,,,,,,
Sushant Lok 1,A545A,500 square feet,4th Floor,4 BHK,READY,5.5 crores,NORTH,NO,NO,,,,,,,,,,,
DLF City Phase 1,B18/3,270 square feet,3rd Floor,3 BHK,READY,3.5 crores,SOUTHWEST,NO,NO,,,,,,,,,,,
Sushant Lok 1,C2/1A,670 square feet,1st Floor,4 BHK,READY,6.25 crores,SOUTH,NO,NO,,,,,,,,,,,
Sushant Lok 1,C2/1A,670 square feet,2nd Floor,4 BHK,READY,6 crores,SOUTH,NO,NO,,,,,,,,,,,
Sushant Lok 1,C2/1A,670 square feet,3rd Floor,4 BHK,READY,6 crores,SOUTH,NO,NO,,,,,,,,,,,
Sushant Lok 1,C2/1A,670 square feet,4th Floor,4 BHK,READY,6.5 crores,SOUTH,NO,NO,,,,,,,,,,,
Sushant Lok 1,C2/11A,418 square feet,3rd Floor,4 BHK,READY,4 crores,NORTHWEST,YES,NO,,,,,,,,,,,
Sushant Lok 1,C2/11A,418 square feet,4th Floor,4 BHK,READY,5 crores,NORTHWEST,YES,NO,,,,,,,,,,,
Sushant Lok 1,C306,215 square feet,1st Floor,3 BHK,READY,2.05 crores,WEST,NO,NO,,,,,,,,,,,
Sushant Lok 1,C306,215 square feet,4th Floor,3 BHK,READY,2.15 crores,WEST,NO,NO,,,,,,,,,,,
Sushant Lok 1,C345,300 square feet,1st Floor,4 BHK,READY,3.65 crores,WEST,NO,NO,,,,,,,,,,,
Sushant Lok 1,C345,300 square feet,2nd Floor,4 BHK,READY,3.35 crores,WEST,NO,NO,,,,,,,,,,,
Sushant Lok 1,C345,300 square feet,3rd Floor,4 BHK,READY,3.35 crores,WEST,NO,NO,,,,,,,,,,,
Sushant Lok 1,C477B,300 square feet,1st Floor,4 BHK,READY,3.4 crores,SOUTH,NO,NO,,,,,,,,,,,
Sushant Lok 1,C477B,300 square feet,3rd Floor,4 BHK,READY,3.2 crores,SOUTH,NO,NO,,,,,,,,,,,
Sushant Lok 1,B639,500 square feet,1st Floor,4 BHK,READY,4.75 crores,EAST,NO,NO,,,,,,,,,,,
Sushant Lok 1,B639,500 square feet,2nd Floor,4 BHK,READY,4.75 crores,EAST,NO,NO,,,,,,,,,,,
Sushant Lok 1,C2014,215 square feet,1st Floor,3 BHK,READY,2.4 crores,SOUTHEAST,NO,YES,,,,,,,,,,,
Sushant Lok 1,C2014,215 square feet,2nd Floor,3 BHK,READY,2.3 crores,SOUTHEAST,NO,YES,,,,,,,,,,,
Sushant Lok 1,C2052A,300 square feet,1st Floor,4 BHK,READY,3 crores,NORTH,NO,NO,,,,,,,,,,,
Sushant Lok 1,C2466,300 square feet,1st Floor,4 BHK,READY,2.8 crores,EAST,NO,NO,,,,,,,,,,,
Sushant Lok 1,C2650,300 square feet,1st Floor,4 BHK,READY,3.25 crores,EAST,YES,NO,,,,,,,,,,,
Sushant Lok 1,C2650,300 square feet,2nd Floor,4 BHK,READY,3 crores,EAST,YES,NO,,,,,,,,,,,
Sushant Lok 1,C2650,300 square feet,3rd Floor,4 BHK,READY,3 crores,EAST,YES,NO,,,,,,,,,,,
Sushant Lok 1,C1/2907B,360 square feet,1st Floor,4 BHK,READY,3.75 crores,WEST,NO,YES,,,,,,,,,,,
Sushant Lok 1,C1/2907B,360 square feet,2nd Floor,4 BHK,READY,3.65 crores,WEST,NO,YES,,,,,,,,,,,
Sushant Lok 1,C1/2907B,360 square feet,3rd Floor,4 BHK,READY,3.65 crores,WEST,NO,YES,,,,,,,,,,,
Sushant Lok 1,C1/2907B,360 square feet,4th Floor,4 BHK,READY,4.2 crores,WEST,NO,YES,,,,,,,,,,,
DLF City Phase 1,H1/10,300 square feet,2nd Floor,4 BHK,READY,3.6 crores,NORTH,NO,NO,,,,,,,,,,,
DLF City Phase 1,H1/10,300 square feet,4th Floor,4 BHK,READY,4.1 crores,NORTH,NO,NO,,,,,,,,,,9625431517,ARVINDER JI
South City 1,K21,240 square feet,1st Floor,3 BHK,READY,2.6 crores,SOUTHEAST,NO,YES,,,,,,,,,,,
South City 1,K119,500 square feet,1st Floor,4 BHK,READY,5.25 crores,NORTHWEST,NO,NO,,,,,,,,,,,
DLF City Phase 2,L14/1,690 square feet,1st Floor,4 BHK,READY,6.5 crores,NORTHEAST,NO,YES,,,,,,,,,,,
Sector 46,1434,263 square feet,4th Floor,3 BHK,READY,2.1 crores,SOUTHWEST,NO,NO,,,,,,,,,,,
Sector 45,268,342 square feet,1st Floor,4 BHK,READY,2.4 crores,NORTHEAST,NO,NO,,,,,,,,,,,
Sector 27,293,204 square feet,3rd Floor,3 BHK,READY,1.9 crores,WEST,NO,NO,,,,,,,,,,,
Sector 27,293,204 square feet,4th Floor,3 BHK,READY,2.2 crores,WEST,NO,NO,,,,,,,,,,,
Sector 43,739,263 square feet,3rd Floor,3 BHK,READY,2.3 crores,SOUTHEAST,NO,YES,,,,,,,,,,,
DLF City Phase 1,A46/3,316 square feet,2nd Floor,4 BHK,READY,4 crores,NORTHWEST,NO,NO,,,,,,,,,,,
DLF City Phase 1,A46/3,316 square feet,3rd Floor,4 BHK,READY,4 crores,NORTHWEST,NO,NO,,,,,,,,,,,
DLF City Phase 1,A46/3,316 square feet,4th Floor,4 BHK,READY,4.5 crores,NORTHWEST,NO,NO,,,,,,,,,,,
DLF City Phase 1,A28/18,502 square feet,1st Floor,4 BHK,READY,6.25 crores,NORTHWEST,NO,NO,,,,,,,,,,,
DLF City Phase 1,A28/18,502 square feet,2nd Floor,4 BHK,READY,5.75 crores,NORTHWEST,NO,NO,,,,,,,,,,,
DLF City Phase 1,A28/18,502 square feet,3rd Floor,4 BHK,READY,5.75 crores,NORTHWEST,NO,NO,,,,,,,,,,,
DLF City Phase 1,A29/15,502 square feet,1st Floor,4 BHK,READY,6 crores,SOUTHWEST,NO,NO,,,,,,,,,,,
DLF City Phase 1,A49/2,502 square feet,2nd Floor,4 BHK,READY,6.5 crores,NORTHWEST,NO,NO,,,,,,,,,,,
DLF City Phase 1,A3/11,502 square feet,1st Floor,4 BHK,READY,6 crores,SOUTHWEST,NO,NO,,,,,,,,,,,
DLF City Phase 1,A3/11,502 square feet,2nd Floor,4 BHK,READY,Price on Request crores,SOUTHWEST,NO,NO,,,,,,,,,,,
DLF City Phase 1,A3/11,502 square feet,3rd Floor,4 BHK,READY,Price on Request crores,SOUTHWEST,NO,NO,,,,,,,,,,,
DLF City Phase 1,A10/12,502 square feet,1st Floor,4 BHK,READY,6.1 crores,SOUTHEAST,NO,NO,,,,,,,,,,,
DLF City Phase 1,A41/32,200 square feet,1st Floor,3 BHK,READY,2.45 crores,NORTHEAST,NO,YES,,,,,,,,,,,
DLF City Phase 1,A44/15A,200 square feet,1st Floor,3 BHK,READY,2.1 crores,NORTHEAST,NO,NO,,,,,,,,,,,
DLF City Phase 1,A44/15A,200 square feet,2nd Floor,3 BHK,READY,2 crores,NORTHEAST,NO,NO,,,,,,,,,,,
DLF City Phase 1,A44/15A,200 square feet,3rd Floor,3 BHK,READY,2 crores,NORTHEAST,NO,NO,,,,,,,,,,,
DLF City Phase 1,A48/22,502 square feet,2nd Floor,4 BHK,READY,6 crores,SOUTHWEST,NO,NO,,,,,,,,,,,
DLF City Phase 1,A53/3,502 square feet,1st Floor,4 BHK,READY,6.25 crores,SOUTHWEST,NO,NO,,,,,,,,,,,
DLF City Phase 1,A53/3,502 square feet,2nd Floor,4 BHK,READY,5.75 crores,SOUTHWEST,NO,NO,,,,,,,,,,,
DLF City Phase 1,A53/3,502 square feet,3rd Floor,4 BHK,READY,5.75 crores,SOUTHWEST,NO,NO,,,,,,,,,,,
DLF City Phase 1,A53/3,502 square feet,4th Floor,4 BHK,READY,6.75 crores,SOUTHWEST,NO,NO,,,,,,,,,,,
DLF City Phase 1,A8/13,502 square feet,1st Floor,4 BHK,READY,8.5 crores,NORTHWEST,NO,NO,,,,,,,,,,,
DLF City Phase 1,A8/13,502 square feet,2nd Floor,4 BHK,READY,6.5 crores,NORTHWEST,NO,NO,,,,,,,,,,,
DLF City Phase 1,A8/13,502 square feet,3rd Floor,4 BHK,READY,6.5 crores,NORTHWEST,NO,NO,,,,,,,,,,,
DLF City Phase 1,A10/7,502 square feet,1st Floor,4 BHK,READY,6.4 crores,NORTHWEST,NO,NO,,,,,,,,,,,
DLF City Phase 1,A10/7,502 square feet,2nd Floor,4 BHK,READY,6.25 crores,NORTHWEST,NO,NO,,,,,,,,,,,
DLF City Phase 1,A10/7,502 square feet,3rd Floor,4 BHK,READY,6.25 crores,NORTHWEST,NO,NO,,,,,,,,,,,
DLF City Phase 1,A10/7,502 square feet,4th Floor,4 BHK,READY,6.9 crores,NORTHWEST,NO,NO,,,,,,,,,,,
DLF City Phase 1,A18/1,502 square feet,3rd Floor,4 BHK,READY,7.5 crores,NORTHWEST,NO,YES,,,,,,,,,,,
DLF City Phase 1,A18/1,502 square feet,4th Floor,4 BHK,READY,8.5 crores,NORTHWEST,NO,YES,,,,,,,,,,,
DLF City Phase 1,A45/14,200 square feet,1st Floor,3 BHK,READY,2.3 crores,SOUTHWEST,NO,NO,,,,,,,,,,,
DLF City Phase 1,A45/14,200 square feet,2nd Floor,3 BHK,READY,2.2 crores,SOUTHWEST,NO,NO,,,,,,,,,,,
DLF City Phase 1,A45/14,200 square feet,3rd Floor,3 BHK,READY,2.2 crores,SOUTHWEST,NO,NO,,,,,,,,,,,
DLF City Phase 1,A45/14,200 square feet,4th Floor,3 BHK,READY,2.4 crores,SOUTHWEST,NO,NO,,,,,,,,,,,
Sector 27,23,500 square feet,1st Floor,4 BHK,2M,5 crores,SOUTH,NO,NO,,,,,,,,,,,
Sector 27,23,500 square feet,2nd Floor,4 BHK,2M,4.5 crores,SOUTH,NO,NO,,,,,,,,,,,
Sector 27,23,500 square feet,3rd Floor,4 BHK,2M,4.5 crores,SOUTH,NO,NO,,,,,,,,,,,
Sector 27,23,500 square feet,4th Floor,4 BHK,2M,5 crores,SOUTH,NO,NO,,,,,,,,,,,
Sector 27,573,500 square feet,2nd Floor,4 BHK,2M,4.5 crores,NORTH,NO,NO,,,,,,,,,,,
Sector 27,573,500 square feet,3rd Floor,4 BHK,2M,4.5 crores,NORTH,NO,NO,,,,,,,,,,,
Sector 28,276,204 square feet,1st Floor,3 BHK,3M,2 crores,EAST,NO,NO,,,,,,,,,,,
Sector 28,276,204 square feet,2nd Floor,3 BHK,3M,1.9 crores,EAST,NO,NO,,,,,,,,,,,
Sector 28,276,204 square feet,3rd Floor,3 BHK,3M,1.9 crores,EAST,NO,NO,,,,,,,,,,,
Sector 42,621,204 square feet,2nd Floor,3 BHK,1M,2.2 crores,SOUTH,NO,NO,,,,,,,,,,,
Sector 42,621,204 square feet,3rd Floor,3 BHK,1M,2.2 crores,SOUTH,NO,NO,,,,,,,,,,,
Sector 42,636,204 square feet,2nd Floor,3 BHK,4M,2.3 crores,NORTH,NO,NO,,,,,,,,,,,
Sector 42,636,204 square feet,3rd Floor,3 BHK,4M,2.3 crores,NORTH,NO,NO,,,,,,,,,,,
Sector 42,711,204 square feet,1st Floor,3 BHK,1M,1.95 crores,NORTH,NO,NO,,,,,,,,,,,
Sector 42,711,204 square feet,2nd Floor,3 BHK,1M,1.9 crores,NORTH,NO,NO,,,,,,,,,,,
Sector 42,711,204 square feet,3rd Floor,3 BHK,1M,1.9 crores,NORTH,NO,NO,,,,,,,,,,,
Sector 42,711,204 square feet,4th Floor,3 BHK,1M,2 crores,NORTH,NO,NO,,,,,,,,,,,
Sector 42,702,204 square feet,1st Floor,3 BHK,15M,2.35 crores,NORTH,NO,NO,,,,,,,,,,,
Sector 42,702,204 square feet,2nd Floor,3 BHK,15M,2.2 crores,NORTH,NO,NO,,,,,,,,,,,
Sector 42,702,204 square feet,3rd Floor,3 BHK,15M,2.2 crores,NORTH,NO,NO,,,,,,,,,,,
Sector 42,702,204 square feet,4th Floor,3 BHK,15M,2.5 crores,NORTH,NO,NO,,,,,,,,,,,
Sector 42,58D,263 square feet,3rd Floor,3 BHK,1M,2.2 crores,EAST,NO,NO,,,,,,,,,,,
Sector 43,1006,204 square feet,2nd Floor,3 BHK,6M,2.5 crores,SOUTHEAST,NO,NO,,,,,,,,,,,
Sector 43,1006,204 square feet,3rd Floor,3 BHK,6M,2.5 crores,SOUTHEAST,NO,NO,,,,,,,,,,,
Sector 43,519,263 square feet,1st Floor,3 BHK,4M,2.75 crores,SOUTHWEST,NO,NO,,,,,,,,,,,
Sector 43,519,263 square feet,2nd Floor,3 BHK,4M,2.6 crores,SOUTHWEST,NO,NO,,,,,,,,,,,
Sector 43,519,263 square feet,3rd Floor,3 BHK,4M,2.65 crores,SOUTHWEST,NO,NO,,,,,,,,,,,
Sector 43,519,263 square feet,4th Floor,3 BHK,4M,2.75 crores,SOUTHWEST,NO,NO,,,,,,,,,,,
Sector 43,526,263 square feet,1st Floor,3 BHK,6M,4.25 crores,NORTHEAST,NO,YES,,,,,,,,,,,
Sector 43,736,263 square feet,1st Floor,3 BHK,2M,2.51 crores,SOUTHEAST,NO,NO,,,,,,,,,,,
Sector 43,736,263 square feet,2nd Floor,3 BHK,2M,2.45 crores,SOUTHEAST,NO,NO,,,,,,,,,,,
Sector 43,736,263 square feet,3rd Floor,3 BHK,2M,2.45 crores,SOUTHEAST,NO,NO,,,,,,,,,,,
Sector 43,736,263 square feet,4th Floor,3 BHK,2M,3 crores,SOUTHEAST,NO,NO,,,,,,,,,,,
Sector 43,660,263 square feet,2nd Floor,3 BHK,2M,2.5 crores,SOUTHEAST,NO,NO,,,,,,,,,,,
Sector 43,660,263 square feet,3rd Floor,3 BHK,2M,2.5 crores,SOUTHEAST,NO,NO,,,,,,,,,,,
Sector 43,47,342 square feet,2nd Floor,4 BHK,2M,3.6 crores,SOUTHWEST,NO,NO,,,,,,,,,,,
Sector 43,47,342 square feet,3rd Floor,4 BHK,2M,3.6 crores,SOUTHWEST,NO,NO,,,,,,,,,,,
Sector 46,1028,263 square feet,1st Floor,3 BHK,1M,2.35 crores,SOUTHEAST,NO,NO,,,,,,,,,,,
Sector 46,1028,263 square feet,3rd Floor,3 BHK,1M,2.25 crores,SOUTHEAST,NO,NO,,,,,,,,,,,
Sector 45,1880,263 square feet,1st Floor,3 BHK,2M,2.15 crores,SOUTHEAST,NO,NO,,,,,,,,,,,
Sector 45,1880,263 square feet,2nd Floor,3 BHK,2M,2.1 crores,SOUTHEAST,NO,NO,,,,,,,,,,,
Sector 45,1880,263 square feet,3rd Floor,3 BHK,2M,2.1 crores,SOUTHEAST,NO,NO,,,,,,,,,,,
Sector 45,1880,263 square feet,4th Floor,3 BHK,2M,2.5 crores,SOUTHEAST,NO,NO,,,,,,,,,,,
Sector 46,1354,263 square feet,1st Floor,3 BHK,3M,2.45 crores,SOUTHWEST,YES,NO,,,,,,,,,,,
Sector 46,1354,263 square feet,2nd Floor,3 BHK,3M,2.4 crores,SOUTHWEST,YES,NO,,,,,,,,,,,
Sector 46,1354,263 square feet,3rd Floor,3 BHK,3M,2.4 crores,SOUTHWEST,YES,NO,,,,,,,,,,,
Sector 46,1354,263 square feet,4th Floor,3 BHK,3M,2.5 crores,SOUTHWEST,YES,NO,,,,,,,,,,,
Sector 45,1022,204 square feet,1st Floor,3 BHK,8M,1.7 crores,SOUTHWEST,NO,NO,,,,,,,,,,,
Sector 45,1022,204 square feet,2nd Floor,3 BHK,8M,1.7 crores,SOUTHWEST,NO,NO,,,,,,,,,,,
Sector 45,1022,204 square feet,3rd Floor,3 BHK,8M,1.7 crores,SOUTHWEST,NO,NO,,,,,,,,,,,
Sector 45,1022,204 square feet,4th Floor,3 BHK,8M,1.7 crores,SOUTHWEST,NO,NO,,,,,,,,,,,
Sector 46,1699,263 square feet,1st Floor,3 BHK,1M,2.1 crores,SOUTHEAST,NO,NO,,,,,,,,,,,
Sector 46,1699,263 square feet,2nd Floor,3 BHK,1M,2 crores,SOUTHEAST,NO,NO,,,,,,,,,,,
Sector 46,1699,263 square feet,4th Floor,3 BHK,1M,2.25 crores,SOUTHEAST,NO,NO,,,,,,,,,,,
Sector 46,1880,204 square feet,1st Floor,3 BHK,2M,1.9 crores,NORTHEAST,NO,NO,,,,,,,,,,,
Sector 46,1880,204 square feet,2nd Floor,3 BHK,2M,1.8 crores,NORTHEAST,NO,NO,,,,,,,,,,,
Sector 46,1880,204 square feet,3rd Floor,3 BHK,2M,1.8 crores,NORTHEAST,NO,NO,,,,,,,,,,,
Sector 46,1880,204 square feet,4th Floor,3 BHK,2M,1.9 crores,NORTHEAST,NO,NO,,,,,,,,,,,
Sector 45,314,342 square feet,1st Floor,4 BHK,3M,3.25 crores,SOUTHEAST,NO,NO,,,,,,,,,,,
Sector 45,314,342 square feet,2nd Floor,4 BHK,3M,3 crores,SOUTHEAST,NO,NO,,,,,,,,,,,
Sector 45,314,342 square feet,3rd Floor,4 BHK,3M,3 crores,SOUTHEAST,NO,NO,,,,,,,,,,,
Sector 45,314,342 square feet,4th Floor,4 BHK,3M,3.5 crores,SOUTHEAST,NO,NO,,,,,,,,,,,
Sector 38,804H,212 square feet,3rd Floor,3 BHK,2M,1.5 crores,SOUTH,NO,YES,,,,,,,,,,,
Sector 38,804H,212 square feet,4th Floor,3 BHK,2M,1.45 crores,SOUTH,NO,YES,,,,,,,,,,,
DLF City Phase 1,B5/5,358 square feet,3rd Floor,4 BHK,READY,4.8 crores,NORTHEAST,NO,NO,,,,,,,,,,,
DLF City Phase 1,A7/16,502 square feet,1st Floor,4 BHK,READY,6.25 crores,SOUTHEAST,NO,NO,,,,,,,,,,,
DLF City Phase 1,A7/16,502 square feet,2nd Floor,4 BHK,READY,6 crores,SOUTHEAST,NO,NO,,,,,,,,,,,
DLF City Phase 1,D4/26,502 square feet,2nd Floor,4 BHK,READY,5.5 crores,NORTHEAST,NO,NO,,,,,,,,,,,
DLF City Phase 1,E6/11,300 square feet,1st Floor,4 BHK,READY,4.25 crores,SOUTHEAST,NO,YES,,,,,,,,,,,
DLF City Phase 1,E6/11,300 square feet,2nd Floor,4 BHK,READY,4 crores,SOUTHEAST,NO,YES,,,,,,,,,,,
DLF City Phase 1,E6/11,300 square feet,3rd Floor,4 BHK,READY,4 crores,SOUTHEAST,NO,YES,,,,,,,,,,,
DLF City Phase 1,E2/19,300 square feet,2nd Floor,4 BHK,READY,4 crores,NORTHEAST,NO,NO,,,,,,,,,,,
DLF City Phase 1,E2/19,300 square feet,3rd Floor,4 BHK,READY,4 crores,NORTHEAST,NO,NO,,,,,,,,,,,
Sushant Lok 1,A1046,215 square feet,1st Floor,3 BHK,4M,2.55 crores,WEST,NO,NO,,,,,,,,,,,
Sushant Lok 1,A1046,215 square feet,4th Floor,3 BHK,4M,2.75 crores,WEST,NO,NO,,,,,,,,,,,
Sushant Lok 1,A215A,418 square feet,1st Floor,4 BHK,2M,4.9 crores,NORTH,NO,NO,,,,,,,,,,,
Sushant Lok 1,A215A,418 square feet,2nd Floor,4 BHK,2M,4.75 crores,NORTH,NO,NO,,,,,,,,,,,
Sushant Lok 1,A215A,418 square feet,3rd Floor,4 BHK,2M,4.75 crores,NORTH,NO,NO,,,,,,,,,,,
Sushant Lok 1,A1065,400 square feet,1st Floor,4 BHK,1M,4.25 crores,WEST,NO,YES,,,,,,,,,,,
Sushant Lok 1,A1065,400 square feet,2nd Floor,4 BHK,1M,4 crores,WEST,NO,YES,,,,,,,,,,,
Sushant Lok 1,A1131,418 square feet,1st Floor,4 BHK,3M,5 crores,EAST,NO,NO,,,,,,,,,,,
Sushant Lok 1,A1131,418 square feet,2nd Floor,4 BHK,3M,4.8 crores,EAST,NO,NO,,,,,,,,,,,
Sushant Lok 1,A1131,418 square feet,3rd Floor,4 BHK,3M,4.8 crores,EAST,NO,NO,,,,,,,,,,,
Sushant Lok 1,A1131,418 square feet,4th Floor,4 BHK,3M,5 crores,EAST,NO,NO,,,,,,,,,,,
Sushant Lok 1,A660,300 square feet,1st Floor,4 BHK,1M,3.9 crores,NORTH,NO,YES,,,,,,,,,,,
Sushant Lok 1,A660,300 square feet,2nd Floor,4 BHK,1M,3.8 crores,NORTH,NO,YES,,,,,,,,,,,
Sushant Lok 1,A660,300 square feet,3rd Floor,4 BHK,1M,3.8 crores,NORTH,NO,YES,,,,,,,,,,,
Sushant Lok 1,A660,300 square feet,4th Floor,4 BHK,1M,4.25 crores,NORTH,NO,YES,,,,,,,,,,,
Sushant Lok 1,A696,418 square feet,1st Floor,4 BHK,7M,6 crores,EAST,NO,NO,,,,,,,,,,,
Sushant Lok 1,A696,418 square feet,2nd Floor,4 BHK,7M,5.25 crores,EAST,NO,NO,,,,,,,,,,,
Sushant Lok 1,A696,418 square feet,3rd Floor,4 BHK,7M,5.25 crores,EAST,NO,NO,,,,,,,,,,,
Sushant Lok 1,A696,418 square feet,4th Floor,4 BHK,7M,6.5 crores,EAST,NO,NO,,,,,,,,,,,
Sushant Lok 1,B281,215 square feet,1st Floor,3 BHK,6M,Price on Request crores,WEST,NO,NO,,,,,,,,,,,
Sushant Lok 1,B281,215 square feet,2nd Floor,3 BHK,6M,Price on Request crores,WEST,NO,NO,,,,,,,,,,,
Sushant Lok 1,B281,215 square feet,3rd Floor,3 BHK,6M,Price on Request crores,WEST,NO,NO,,,,,,,,,,,
Sushant Lok 1,B281,215 square feet,4th Floor,3 BHK,6M,Price on Request crores,WEST,NO,NO,,,,,,,,,,,
Sushant Lok 1,C1/2789,300 square feet,1st Floor,4 BHK,6M,Price on Request crores,SOUTHWEST,NO,NO,,,,,,,,,,,
Sushant Lok 1,C1/2789,300 square feet,2nd Floor,4 BHK,6M,Price on Request crores,SOUTHWEST,NO,NO,,,,,,,,,,,
Sushant Lok 1,C1/2789,300 square feet,3rd Floor,4 BHK,6M,Price on Request crores,SOUTHWEST,NO,NO,,,,,,,,,,,
Sushant Lok 1,C1/2789,300 square feet,4th Floor,4 BHK,6M,Price on Request crores,SOUTHWEST,NO,NO,,,,,,,,,,,
Sushant Lok 1,C139A,418 square feet,1st Floor,4 BHK,6M,4.98 crores,WEST,NO,NO,,,,,,,,,,,
Sushant Lok 1,C139A,418 square feet,2nd Floor,4 BHK,6M,4.88 crores,WEST,NO,NO,,,,,,,,,,,
Sushant Lok 1,C139A,418 square feet,3rd Floor,4 BHK,6M,4.88 crores,WEST,NO,NO,,,,,,,,,,,
Sushant Lok 1,C139A,418 square feet,4th Floor,4 BHK,6M,5.68 crores,WEST,NO,NO,,,,,,,,,,,
Sushant Lok 1,C1827,300 square feet,1st Floor,4 BHK,6M,3.15 crores,NORTHEAST,NO,YES,,,,,,,,,,,
Sushant Lok 1,C1827,300 square feet,2nd Floor,4 BHK,6M,3 crores,NORTHEAST,NO,YES,,,,,,,,,,,
Sushant Lok 1,C1827,300 square feet,3rd Floor,4 BHK,6M,3 crores,NORTHEAST,NO,YES,,,,,,,,,,,
Sushant Lok 1,C2094A,300 square feet,1st Floor,4 BHK,1M,3.25 crores,SOUTH,NO,NO,,,,,,,,,,,
Sushant Lok 1,C2094A,300 square feet,2nd Floor,4 BHK,1M,2.95 crores,SOUTH,NO,NO,,,,,,,,,,,
Sushant Lok 1,C2094A,300 square feet,3rd Floor,4 BHK,1M,2.95 crores,SOUTH,NO,NO,,,,,,,,,,,
Sushant Lok 1,C2094A,300 square feet,4th Floor,4 BHK,1M,3.85 crores,SOUTH,NO,NO,,,,,,,,,,,
Sushant Lok 1,C2633,418 square feet,1st Floor,4 BHK,6M,4.25 crores,EAST,NO,NO,,,,,,,,,,,
Sushant Lok 1,C2633,418 square feet,2nd Floor,4 BHK,6M,4 crores,EAST,NO,NO,,,,,,,,,,,
Sushant Lok 1,C2633,418 square feet,3rd Floor,4 BHK,6M,4 crores,EAST,NO,NO,,,,,,,,,,,
Sushant Lok 1,C2633,418 square feet,4th Floor,4 BHK,6M,4.75 crores,EAST,NO,NO,,,,,,,,,,,
Sushant Lok 1,C266,215 square feet,1st Floor,3 BHK,4M,2.6 crores,SOUTH,NO,NO,,,,,,,,,,,
Sushant Lok 1,C266,215 square feet,2nd Floor,3 BHK,4M,2.5 crores,SOUTH,NO,NO,,,,,,,,,,,
Sushant Lok 1,C266,215 square feet,3rd Floor,3 BHK,4M,2.5 crores,SOUTH,NO,NO,,,,,,,,,,,
Sushant Lok 1,C266,215 square feet,4th Floor,3 BHK,4M,2.8 crores,SOUTH,NO,NO,,,,,,,,,,,
Sushant Lok 1,C273,215 square feet,1st Floor,3 BHK,4M,2.8 crores,NORTH,NO,NO,,,,,,,,,,,
Sushant Lok 1,C273,215 square feet,2nd Floor,3 BHK,4M,2.55 crores,NORTH,NO,NO,,,,,,,,,,,
Sushant Lok 1,C273,215 square feet,3rd Floor,3 BHK,4M,2.55 crores,NORTH,NO,NO,,,,,,,,,,,
Sushant Lok 1,C273,215 square feet,4th Floor,3 BHK,4M,2.65 crores,NORTH,NO,NO,,,,,,,,,,,
Sushant Lok 1,C288,215 square feet,4th Floor,3 BHK,1M,2.5 crores,SOUTH,NO,NO,,,,,,,,,,,
Sushant Lok 1,C443,300 square feet,1st Floor,4 BHK,4M,3.75 crores,NORTH,YES,NO,,,,,,,,,,,
Sushant Lok 1,C443,300 square feet,2nd Floor,4 BHK,4M,3.6 crores,NORTH,YES,NO,,,,,,,,,,,
Sushant Lok 1,C443,300 square feet,3rd Floor,4 BHK,4M,3.6 crores,NORTH,YES,NO,,,,,,,,,,,
Sushant Lok 1,C443,300 square feet,4th Floor,4 BHK,4M,Price on Request crores,NORTH,YES,NO,,,,,,,,,,,
Sushant Lok 1,C468,270 square feet,2nd Floor,3 BHK,5M,3.6 crores,EAST,NO,YES,,,,,,,,,,,
Sushant Lok 1,C468,270 square feet,4th Floor,3 BHK,5M,4 crores,EAST,NO,YES,,,,,,,,,,,
Sushant Lok 1,C620,215 square feet,1st Floor,3 BHK,6M,2.6 crores,WEST,NO,NO,,,,,,,,,,,
Sushant Lok 1,C620,215 square feet,2nd Floor,3 BHK,6M,2.5 crores,WEST,NO,NO,,,,,,,,,,,
Sushant Lok 1,C620,215 square feet,3rd Floor,3 BHK,6M,2.5 crores,WEST,NO,NO,,,,,,,,,,,
Sushant Lok 1,C620,215 square feet,4th Floor,3 BHK,6M,2.75 crores,WEST,NO,NO,,,,,,,,,,,
Sushant Lok 1,C894,215 square feet,1st Floor,3 BHK,6M,Price on Request crores,SOUTH,NO,NO,,,,,,,,,,,
Sushant Lok 1,C894,215 square feet,2nd Floor,3 BHK,6M,Price on Request crores,SOUTH,NO,NO,,,,,,,,,,,
Sushant Lok 1,C894,215 square feet,3rd Floor,3 BHK,6M,Price on Request crores,SOUTH,NO,NO,,,,,,,,,,,
Sushant Lok 1,C894,215 square feet,4th Floor,3 BHK,6M,Price on Request crores,SOUTH,NO,NO,,,,,,,,,,,
Sushant Lok 1,E59,300 square feet,1st Floor,4 BHK,6M,4 crores,EAST,YES,NO,,,,,,,,,,,
Sushant Lok 1,E59,300 square feet,2nd Floor,4 BHK,6M,3.5 crores,EAST,YES,NO,,,,,,,,,,,
Sushant Lok 1,E59,300 square feet,3rd Floor,4 BHK,6M,3.5 crores,EAST,YES,NO,,,,,,,,,,,
Sushant Lok 1,E59,300 square feet,4th Floor,4 BHK,6M,4 crores,EAST,YES,NO,,,,,,,,,,,
Sushant Lok 1,C1/2811,240 square feet,1st Floor,3 BHK,READY,2.65 crores,EAST,NO,NO,,,,,,,,,,,
Sushant Lok 1,C1/2811,240 square feet,2nd Floor,3 BHK,READY,2.5 crores,EAST,NO,NO,,,,,,,,,,,
Sushant Lok 1,C141A,418 square feet,3rd Floor,4 BHK,READY,4.45 crores,WEST,NO,NO,,,,,,,,,,,
Sushant Lok 1,C141A,418 square feet,4th Floor,4 BHK,READY,4.9 crores,WEST,NO,NO,,,,,,,,,,,
Sushant Lok 1,C2612,300 square feet,3rd Floor,4 BHK,READY,3 crores,EAST,YES,NO,,,,,,,,,,,
Sushant Lok 1,C771,215 square feet,1st Floor,3 BHK,READY,2.6 crores,WEST,NO,NO,,,,,,,,,,,
Sushant Lok 1,C771,215 square feet,3rd Floor,3 BHK,READY,2.4 crores,WEST,NO,NO,,,,,,,,,,,
Sushant Lok 1,A1060,300 square feet,1st Floor,4 BHK,12M,Price on Request crores,WEST,YES,NO,,,,,,,,,,,
Sushant Lok 1,A1060,300 square feet,2nd Floor,4 BHK,12M,Price on Request crores,WEST,YES,NO,,,,,,,,,,,
Sushant Lok 1,A1060,300 square feet,3rd Floor,4 BHK,12M,Price on Request crores,WEST,YES,NO,,,,,,,,,,,
Sushant Lok 1,A1060,300 square feet,4th Floor,4 BHK,12M,Price on Request crores,WEST,YES,NO,,,,,,,,,,,
Sushant Lok 1,A231,280 square feet,1st Floor,4 BHK,8M,3.65 crores,NORTH,NO,NO,,,,,,,,,,,
Sushant Lok 1,A231,280 square feet,2nd Floor,4 BHK,8M,3.45 crores,NORTH,NO,NO,,,,,,,,,,,
Sushant Lok 1,A231,280 square feet,3rd Floor,4 BHK,8M,3.45 crores,NORTH,NO,NO,,,,,,,,,,,
Sushant Lok 1,A231,280 square feet,4th Floor,4 BHK,8M,3.85 crores,NORTH,NO,NO,,,,,,,,,,,
Sushant Lok 1,A267,1000 square feet,3rd Floor,5 BHK,6M,12.5 crores,EAST,NO,NO,,,,,,,,,,,
Sushant Lok 1,A267,1000 square feet,4th Floor,5 BHK,6M,12.5 crores,EAST,NO,NO,,,,,,,,,,,
Sushant Lok 1,A444,977 square feet,1st Floor,5 BHK,6M,Price on Request crores,SOUTH,YES,NO,,,,,,,,,,,
Sushant Lok 1,A444,977 square feet,2nd Floor,5 BHK,6M,Price on Request crores,SOUTH,YES,NO,,,,,,,,,,,
Sushant Lok 1,A444,977 square feet,3rd Floor,5 BHK,6M,Price on Request crores,SOUTH,YES,NO,,,,,,,,,,,
Sushant Lok 1,A444,977 square feet,4th Floor,5 BHK,6M,Price on Request crores,SOUTH,YES,NO,,,,,,,,,,,
Sushant Lok 1,A547A,500 square feet,1st Floor,4 BHK,6M,6.1 crores,NORTH,NO,YES,,,,,,,,,,,
Sushant Lok 1,A547A,500 square feet,2nd Floor,4 BHK,6M,5.5 crores,NORTH,NO,YES,,,,,,,,,,,
Sushant Lok 1,A547A,500 square feet,3rd Floor,4 BHK,6M,5.5 crores,NORTH,NO,YES,,,,,,,,,,,
Sushant Lok 1,A547A,500 square feet,4th Floor,4 BHK,6M,6.4 crores,NORTH,NO,YES,,,,,,,,,,,
Sushant Lok 1,A548,813 square feet,1st Floor,5 BHK,18M,Price on Request crores,NORTH,NO,YES,,,,,,,,,,,
Sushant Lok 1,A548,813 square feet,2nd Floor,5 BHK,18M,Price on Request crores,NORTH,NO,YES,,,,,,,,,,,
Sushant Lok 1,A548,813 square feet,3rd Floor,5 BHK,18M,Price on Request crores,NORTH,NO,YES,,,,,,,,,,,
Sushant Lok 1,A548,813 square feet,4th Floor,5 BHK,18M,Price on Request crores,NORTH,NO,YES,,,,,,,,,,,
Sushant Lok 1,A565C,500 square feet,2nd Floor,4 BHK,1M,5.25 crores,NORTH,NO,YES,,,,,,,,,,,
Sushant Lok 1,A565C,500 square feet,3rd Floor,4 BHK,1M,5.25 crores,NORTH,NO,YES,,,,,,,,,,,
Sushant Lok 1,A565C,500 square feet,4th Floor,4 BHK,1M,5.5 crores,NORTH,NO,YES,,,,,,,,,,,
Sushant Lok 1,A569,813 square feet,1st Floor,5 BHK,8M,Price on Request crores,SOUTH,NO,NO,,,,,,,,,,,
Sushant Lok 1,A569,813 square feet,2nd Floor,5 BHK,8M,Price on Request crores,SOUTH,NO,NO,,,,,,,,,,,
Sushant Lok 1,A569,813 square feet,3rd Floor,5 BHK,8M,Price on Request crores,SOUTH,NO,NO,,,,,,,,,,,
Sushant Lok 1,A569,813 square feet,4th Floor,5 BHK,8M,Price on Request crores,SOUTH,NO,NO,,,,,,,,,,,
Sushant Lok 1,A607A,300 square feet,1st Floor,4 BHK,5M,Price on Request crores,SOUTH,NO,NO,,,,,,,,,,,
Sushant Lok 1,A607A,300 square feet,2nd Floor,4 BHK,5M,Price on Request crores,SOUTH,NO,NO,,,,,,,,,,,
Sushant Lok 1,A607A,300 square feet,3rd Floor,4 BHK,5M,Price on Request crores,SOUTH,NO,NO,,,,,,,,,,,
Sushant Lok 1,A607A,300 square feet,4th Floor,4 BHK,5M,Price on Request crores,SOUTH,NO,NO,,,,,,,,,,,
Sushant Lok 1,A619,418 square feet,2nd Floor,4 BHK,2M,4 crores,WEST,NO,NO,,,,,,,,,,,
Sushant Lok 1,A643,215 square feet,1st Floor,3 BHK,2M,2.7 crores,WEST,NO,YES,,,,,,,,,,,
Sushant Lok 1,A643,215 square feet,2nd Floor,3 BHK,2M,2.6 crores,WEST,NO,YES,,,,,,,,,,,
Sushant Lok 1,A643,215 square feet,3rd Floor,3 BHK,2M,2.6 crores,WEST,NO,YES,,,,,,,,,,,
Sushant Lok 1,A695,418 square feet,1st Floor,4 BHK,4M,5.5 crores,EAST,NO,NO,,,,,,,,,,,
Sushant Lok 1,A695,418 square feet,2nd Floor,4 BHK,4M,4.9 crores,EAST,NO,NO,,,,,,,,,,,
Sushant Lok 1,A695,418 square feet,3rd Floor,4 BHK,4M,4.9 crores,EAST,NO,NO,,,,,,,,,,,
Sushant Lok 1,A695,418 square feet,4th Floor,4 BHK,4M,6 crores,EAST,NO,NO,,,,,,,,,,,
Sushant Lok 1,A725,300 square feet,1st Floor,4 BHK,10M,Price on Request crores,EAST,YES,NO,,,,,,,,,,,
Sushant Lok 1,A725,300 square feet,2nd Floor,4 BHK,10M,Price on Request crores,EAST,YES,NO,,,,,,,,,,,
Sushant Lok 1,A725,300 square feet,3rd Floor,4 BHK,10M,Price on Request crores,EAST,YES,NO,,,,,,,,,,,
Sushant Lok 1,A725,300 square feet,4th Floor,4 BHK,10M,Price on Request crores,EAST,YES,NO,,,,,,,,,,,
Sushant Lok 1,A731,300 square feet,1st Floor,4 BHK,3M,3.5 crores,EAST,NO,NO,,,,,,,,,,,
Sushant Lok 1,A731,300 square feet,3rd Floor,4 BHK,3M,3.25 crores,EAST,NO,NO,,,,,,,,,,,
Sushant Lok 1,A731,300 square feet,4th Floor,4 BHK,3M,3.75 crores,EAST,NO,NO,,,,,,,,,,,
Sushant Lok 1,A759,300 square feet,1st Floor,4 BHK,1M,4.5 crores,NORTH,YES,NO,,,,,,,,,,,
Sushant Lok 1,A759,300 square feet,2nd Floor,4 BHK,1M,4.25 crores,NORTH,YES,NO,,,,,,,,,,,
Sushant Lok 1,A759,300 square feet,3rd Floor,4 BHK,1M,4.25 crores,NORTH,YES,NO,,,,,,,,,,,
Sushant Lok 1,A759,300 square feet,4th Floor,4 BHK,1M,4.75 crores,NORTH,YES,NO,,,,,,,,,,,
Sushant Lok 1,A761A,300 square feet,1st Floor,4 BHK,1M,3.8 crores,SOUTH,YES,NO,,,,,,,,,,,
Sushant Lok 1,A761A,300 square feet,2nd Floor,4 BHK,1M,3.6 crores,SOUTH,YES,NO,,,,,,,,,,,
Sushant Lok 1,A761A,300 square feet,4th Floor,4 BHK,1M,4 crores,SOUTH,YES,NO,,,,,,,,,,,
Sushant Lok 1,A773,380 square feet,1st Floor,4 BHK,1M,Price on Request crores,SOUTH,NO,NO,,,,,,,,,,,
Sushant Lok 1,A773,380 square feet,2nd Floor,4 BHK,1M,Price on Request crores,SOUTH,NO,NO,,,,,,,,,,,
Sushant Lok 1,A773,380 square feet,3rd Floor,4 BHK,1M,Price on Request crores,SOUTH,NO,NO,,,,,,,,,,,
Sushant Lok 1,A773,380 square feet,4th Floor,4 BHK,1M,Price on Request crores,SOUTH,NO,NO,,,,,,,,,,,
Sushant Lok 1,A846,418 square feet,1st Floor,4 BHK,2M,4.6 crores,EAST,NO,NO,,,,,,,,,,,
Sushant Lok 1,A846,418 square feet,2nd Floor,4 BHK,2M,4 crores,EAST,NO,NO,,,,,,,,,,,
Sushant Lok 1,A846,418 square feet,3rd Floor,4 BHK,2M,4 crores,EAST,NO,NO,,,,,,,,,,,
Sushant Lok 1,A846,418 square feet,4th Floor,4 BHK,2M,4.6 crores,EAST,NO,NO,,,,,,,,,,,
Sushant Lok 1,A857A,418 square feet,1st Floor,4 BHK,8M,6 crores,WEST,NO,NO,,,,,,,,,,,
Sushant Lok 1,A857A,418 square feet,2nd Floor,4 BHK,8M,5.85 crores,WEST,NO,NO,,,,,,,,,,,
Sushant Lok 1,A877B,300 square feet,1st Floor,4 BHK,12M,Price on Request crores,SOUTH,NO,NO,,,,,,,,,,,
Sushant Lok 1,A877B,300 square feet,2nd Floor,4 BHK,12M,Price on Request crores,SOUTH,NO,NO,,,,,,,,,,,
Sushant Lok 1,A877B,300 square feet,3rd Floor,4 BHK,12M,Price on Request crores,SOUTH,NO,NO,,,,,,,,,,,
Sushant Lok 1,A877B,300 square feet,4th Floor,4 BHK,12M,Price on Request crores,SOUTH,NO,NO,,,,,,,,,,,
Sushant Lok 1,A889,418 square feet,1st Floor,4 BHK,1M,5.25 crores,WEST,NO,NO,,,,,,,,,,,
Sushant Lok 1,A889,418 square feet,2nd Floor,4 BHK,1M,5 crores,WEST,NO,NO,,,,,,,,,,,
Sushant Lok 1,A889,418 square feet,3rd Floor,4 BHK,1M,5 crores,WEST,NO,NO,,,,,,,,,,,
Sushant Lok 1,A889,418 square feet,4th Floor,4 BHK,1M,5.75 crores,WEST,NO,NO,,,,,,,,,,,
Sushant Lok 1,A994,300 square feet,1st Floor,4 BHK,10M,3.75 crores,EAST,NO,NO,,,,,,,,,,,
Sushant Lok 1,A994,300 square feet,2nd Floor,4 BHK,10M,3.65 crores,EAST,NO,NO,,,,,,,,,,,
Sushant Lok 1,B102,418 square feet,1st Floor,4 BHK,6M,Price on Request crores,WEST,NO,NO,,,,,,,,,,,
Sushant Lok 1,B102,418 square feet,2nd Floor,4 BHK,6M,Price on Request crores,WEST,NO,NO,,,,,,,,,,,
Sushant Lok 1,B102,418 square feet,3rd Floor,4 BHK,6M,Price on Request crores,WEST,NO,NO,,,,,,,,,,,
Sushant Lok 1,B102,418 square feet,4th Floor,4 BHK,6M,Price on Request crores,WEST,NO,NO,,,,,,,,,,,
Sushant Lok 1,B112,418 square feet,1st Floor,4 BHK,12M,Price on Request crores,WEST,NO,NO,,,,,,,,,,,
Sushant Lok 1,B112,418 square feet,2nd Floor,4 BHK,12M,Price on Request crores,WEST,NO,NO,,,,,,,,,,,
Sushant Lok 1,B112,418 square feet,3rd Floor,4 BHK,12M,Price on Request crores,WEST,NO,NO,,,,,,,,,,,
Sushant Lok 1,B112,418 square feet,4th Floor,4 BHK,12M,Price on Request crores,WEST,NO,NO,,,,,,,,,,,
Sushant Lok 1,B177A,300 square feet,1st Floor,4 BHK,5M,4.75 crores,WEST,NO,NO,,,,,,,,,,,
Sushant Lok 1,B177A,300 square feet,2nd Floor,4 BHK,5M,3.3 crores,WEST,NO,NO,,,,,,,,,,,
Sushant Lok 1,B177A,300 square feet,3rd Floor,4 BHK,5M,3.3 crores,WEST,NO,NO,,,,,,,,,,,
Sushant Lok 1,B177A,300 square feet,4th Floor,4 BHK,5M,3.75 crores,WEST,NO,NO,,,,,,,,,,,
Sushant Lok 1,B191B,300 square feet,1st Floor,4 BHK,6M,Price on Request crores,EAST,NO,NO,,,,,,,,,,,
Sushant Lok 1,B191B,300 square feet,2nd Floor,4 BHK,6M,Price on Request crores,EAST,NO,NO,,,,,,,,,,,
Sushant Lok 1,B191B,300 square feet,3rd Floor,4 BHK,6M,Price on Request crores,EAST,NO,NO,,,,,,,,,,,
Sushant Lok 1,B191B,300 square feet,4th Floor,4 BHK,6M,Price on Request crores,EAST,NO,NO,,,,,,,,,,,
Sushant Lok 1,B206,300 square feet,1st Floor,4 BHK,1M,3.75 crores,EAST,NO,NO,,,,,,,,,,,
Sushant Lok 1,B206,300 square feet,2nd Floor,4 BHK,1M,3.65 crores,EAST,NO,NO,,,,,,,,,,,
Sushant Lok 1,B206,300 square feet,3rd Floor,4 BHK,1M,3.65 crores,EAST,NO,NO,,,,,,,,,,,
Sushant Lok 1,B206,300 square feet,4th Floor,4 BHK,1M,4 crores,EAST,NO,NO,,,,,,,,,,,
Sushant Lok 1,B207,300 square feet,1st Floor,4 BHK,10M,Price on Request crores,EAST,NO,NO,,,,,,,,,,,
Sushant Lok 1,B207,300 square feet,2nd Floor,4 BHK,10M,Price on Request crores,EAST,NO,NO,,,,,,,,,,,
Sushant Lok 1,B207,300 square feet,3rd Floor,4 BHK,10M,Price on Request crores,EAST,NO,NO,,,,,,,,,,,
Sushant Lok 1,B207,300 square feet,4th Floor,4 BHK,10M,Price on Request crores,EAST,NO,NO,,,,,,,,,,,
Sushant Lok 1,B24A,360 square feet,1st Floor,4 BHK,15M,Price on Request crores,NORTH,YES,NO,,,,,,,,,,,
Sushant Lok 1,B24A,360 square feet,2nd Floor,4 BHK,15M,Price on Request crores,NORTH,YES,NO,,,,,,,,,,,
Sushant Lok 1,B24A,360 square feet,3rd Floor,4 BHK,15M,Price on Request crores,NORTH,YES,NO,,,,,,,,,,,
Sushant Lok 1,B24A,360 square feet,4th Floor,4 BHK,15M,Price on Request crores,NORTH,YES,NO,,,,,,,,,,,
Sushant Lok 1,B310,418 square feet,1st Floor,4 BHK,3M,Price on Request crores,WEST,NO,NO,,,,,,,,,,,
Sushant Lok 1,B310,418 square feet,2nd Floor,4 BHK,3M,Price on Request crores,WEST,NO,NO,,,,,,,,,,,
Sushant Lok 1,B310,418 square feet,3rd Floor,4 BHK,3M,Price on Request crores,WEST,NO,NO,,,,,,,,,,,
Sushant Lok 1,B310,418 square feet,4th Floor,4 BHK,3M,Price on Request crores,WEST,NO,NO,,,,,,,,,,,
Sushant Lok 1,B323,300 square feet,1st Floor,4 BHK,1M,4 crores,NORTH,NO,NO,,,,,,,,,,,
Sushant Lok 1,B346B,300 square feet,1st Floor,4 BHK,6M,4 crores,SOUTH,NO,NO,,,,,,,,,,,
Sushant Lok 1,B346B,300 square feet,2nd Floor,4 BHK,6M,3.6 crores,SOUTH,NO,NO,,,,,,,,,,,
Sushant Lok 1,B346B,300 square feet,3rd Floor,4 BHK,6M,3.6 crores,SOUTH,NO,NO,,,,,,,,,,,
Sushant Lok 1,B346B,300 square feet,4th Floor,4 BHK,6M,3.9 crores,SOUTH,NO,NO,,,,,,,,,,,
Sushant Lok 1,B422,300 square feet,1st Floor,4 BHK,4M,3.75 crores,NORTH,NO,NO,,,,,,,,,,,
Sushant Lok 1,B422,300 square feet,2nd Floor,4 BHK,4M,3.5 crores,NORTH,NO,NO,,,,,,,,,,,
Sushant Lok 1,B432A,300 square feet,1st Floor,4 BHK,5M,Price on Request crores,NORTH,NO,NO,,,,,,,,,,,
Sushant Lok 1,B432A,300 square feet,2nd Floor,4 BHK,5M,Price on Request crores,NORTH,NO,NO,,,,,,,,,,,
Sushant Lok 1,B432A,300 square feet,3rd Floor,4 BHK,5M,Price on Request crores,NORTH,NO,NO,,,,,,,,,,,
Sushant Lok 1,B432A,300 square feet,4th Floor,4 BHK,5M,Price on Request crores,NORTH,NO,NO,,,,,,,,,,,
Sushant Lok 1,B461,300 square feet,1st Floor,4 BHK,2M,3.5 crores,NORTH,NO,NO,,,,,,,,,,,
Sushant Lok 1,B461,300 square feet,2nd Floor,4 BHK,2M,3.25 crores,NORTH,NO,NO,,,,,,,,,,,
Sushant Lok 1,B461,300 square feet,3rd Floor,4 BHK,2M,3.25 crores,NORTH,NO,NO,,,,,,,,,,,
Sushant Lok 1,B461,300 square feet,4th Floor,4 BHK,2M,3.5 crores,NORTH,NO,NO,,,,,,,,,,,
Sushant Lok 1,B502,300 square feet,1st Floor,4 BHK,18M,Price on Request crores,SOUTH,NO,YES,,,,,,,,,,,
Sushant Lok 1,B502,300 square feet,2nd Floor,4 BHK,18M,Price on Request crores,SOUTH,NO,YES,,,,,,,,,,,
Sushant Lok 1,B502,300 square feet,3rd Floor,4 BHK,18M,Price on Request crores,SOUTH,NO,YES,,,,,,,,,,,
Sushant Lok 1,B502,300 square feet,4th Floor,4 BHK,18M,Price on Request crores,SOUTH,NO,YES,,,,,,,,,,,
Sushant Lok 1,B508,300 square feet,1st Floor,4 BHK,3M,3.6 crores,EAST,NO,NO,,,,,,,,,,,
Sushant Lok 1,B508,300 square feet,2nd Floor,4 BHK,3M,3.5 crores,EAST,NO,NO,,,,,,,,,,,
Sushant Lok 1,B508,300 square feet,3rd Floor,4 BHK,3M,3.5 crores,EAST,NO,NO,,,,,,,,,,,
Sushant Lok 1,B508,300 square feet,4th Floor,4 BHK,3M,3.85 crores,EAST,NO,NO,,,,,,,,,,,
Sushant Lok 1,B51,418 square feet,1st Floor,4 BHK,1M,5.25 crores,EAST,NO,NO,,,,,,,,,,,
Sushant Lok 1,B51,418 square feet,2nd Floor,4 BHK,1M,5 crores,EAST,NO,NO,,,,,,,,,,,
Sushant Lok 1,B51,418 square feet,3rd Floor,4 BHK,1M,5 crores,EAST,NO,NO,,,,,,,,,,,
Sushant Lok 1,B519,300 square feet,1st Floor,4 BHK,3M,4.25 crores,WEST,NO,NO,,,,,,,,,,,
Sushant Lok 1,B519,300 square feet,2nd Floor,4 BHK,3M,3.75 crores,WEST,NO,NO,,,,,,,,,,,
Sushant Lok 1,B519,300 square feet,3rd Floor,4 BHK,3M,3.75 crores,WEST,NO,NO,,,,,,,,,,,
Sushant Lok 1,B519,300 square feet,4th Floor,4 BHK,3M,4.5 crores,WEST,NO,NO,,,,,,,,,,,
Sushant Lok 1,B520,300 square feet,1st Floor,4 BHK,3M,4 crores,WEST,NO,NO,,,,,,,,,,,
Sushant Lok 1,B520,300 square feet,2nd Floor,4 BHK,3M,3.8 crores,WEST,NO,NO,,,,,,,,,,,
Sushant Lok 1,B520,300 square feet,3rd Floor,4 BHK,3M,3.8 crores,WEST,NO,NO,,,,,,,,,,,
Sushant Lok 1,B520,300 square feet,4th Floor,4 BHK,3M,4.5 crores,WEST,NO,NO,,,,,,,,,,,
Sushant Lok 1,B523,300 square feet,1st Floor,4 BHK,10M,Price on Request crores,WEST,NO,NO,,,,,,,,,,,
Sushant Lok 1,B523,300 square feet,2nd Floor,4 BHK,10M,Price on Request crores,WEST,NO,NO,,,,,,,,,,,
Sushant Lok 1,B523,300 square feet,3rd Floor,4 BHK,10M,Price on Request crores,WEST,NO,NO,,,,,,,,,,,
Sushant Lok 1,B523,300 square feet,4th Floor,4 BHK,10M,Price on Request crores,WEST,NO,NO,,,,,,,,,,,
Sushant Lok 1,B524A,300 square feet,1st Floor,4 BHK,5M,Price on Request crores,WEST,NO,NO,,,,,,,,,,,
Sushant Lok 1,B524A,300 square feet,2nd Floor,4 BHK,5M,Price on Request crores,WEST,NO,NO,,,,,,,,,,,
Sushant Lok 1,B524A,300 square feet,3rd Floor,4 BHK,5M,Price on Request crores,WEST,NO,NO,,,,,,,,,,,
Sushant Lok 1,B524A,300 square feet,4th Floor,4 BHK,5M,Price on Request crores,WEST,NO,NO,,,,,,,,,,,
Sushant Lok 1,B545,500 square feet,1st Floor,4 BHK,4M,6.1 crores,WEST,NO,NO,,,,,,,,,,,
Sushant Lok 1,B545,500 square feet,2nd Floor,4 BHK,4M,5.4 crores,WEST,NO,NO,,,,,,,,,,,
Sushant Lok 1,B545,500 square feet,3rd Floor,4 BHK,4M,5.4 crores,WEST,NO,NO,,,,,,,,,,,
Sushant Lok 1,B545,500 square feet,4th Floor,4 BHK,4M,6.4 crores,WEST,NO,NO,,,,,,,,,,,
Sushant Lok 1,B551,500 square feet,1st Floor,4 BHK,1M,6 crores,WEST,NO,NO,,,,,,,,,,,
Sushant Lok 1,B551,500 square feet,2nd Floor,4 BHK,1M,5.75 crores,WEST,NO,NO,,,,,,,,,,,
Sushant Lok 1,B551,500 square feet,3rd Floor,4 BHK,1M,5.75 crores,WEST,NO,NO,,,,,,,,,,,
Sushant Lok 1,B559,418 square feet,1st Floor,4 BHK,4M,6 crores,NORTH,NO,NO,,,,,,,,,,,
Sushant Lok 1,B561,418 square feet,1st Floor,4 BHK,6M,Price on Request crores,NORTH,NO,NO,,,,,,,,,,,
Sushant Lok 1,B561,418 square feet,2nd Floor,4 BHK,6M,Price on Request crores,NORTH,NO,NO,,,,,,,,,,,
Sushant Lok 1,B561,418 square feet,3rd Floor,4 BHK,6M,Price on Request crores,NORTH,NO,NO,,,,,,,,,,,
Sushant Lok 1,B561,418 square feet,4th Floor,4 BHK,6M,Price on Request crores,NORTH,NO,NO,,,,,,,,,,,
Sushant Lok 1,B570,500 square feet,1st Floor,4 BHK,2M,5.3 crores,SOUTH,NO,YES,,,,,,,,,,,
Sushant Lok 1,B570,500 square feet,2nd Floor,4 BHK,2M,5.2 crores,SOUTH,NO,YES,,,,,,,,,,,
Sushant Lok 1,B570,500 square feet,4th Floor,4 BHK,2M,5.7 crores,SOUTH,NO,YES,,,,,,,,,,,
Sushant Lok 1,B590,500 square feet,1st Floor,4 BHK,1M,5.25 crores,EAST,NO,NO,,,,,,,,,,,
Sushant Lok 1,B590,500 square feet,2nd Floor,4 BHK,1M,5 crores,EAST,NO,NO,,,,,,,,,,,
Sushant Lok 1,B590,500 square feet,3rd Floor,4 BHK,1M,5.5 crores,EAST,NO,NO,,,,,,,,,,,
Sushant Lok 1,B590,500 square feet,4th Floor,4 BHK,1M,5.5 crores,EAST,NO,NO,,,,,,,,,,,
Sushant Lok 1,B591,500 square feet,1st Floor,4 BHK,1M,5.75 crores,EAST,NO,NO,,,,,,,,,,,
Sushant Lok 1,B591,500 square feet,2nd Floor,4 BHK,1M,5.5 crores,EAST,NO,NO,,,,,,,,,,,
Sushant Lok 1,B591,500 square feet,3rd Floor,4 BHK,1M,5.5 crores,EAST,NO,NO,,,,,,,,,,,
Sushant Lok 1,B591,500 square feet,4th Floor,4 BHK,1M,6.25 crores,EAST,NO,NO,,,,,,,,,,,
Sushant Lok 1,B598,500 square feet,1st Floor,4 BHK,3M,5.25 crores,EAST,NO,NO,,,,,,,,,,,
Sushant Lok 1,B598,500 square feet,2nd Floor,4 BHK,3M,5 crores,EAST,NO,NO,,,,,,,,,,,
Sushant Lok 1,B598,500 square feet,3rd Floor,4 BHK,3M,5 crores,EAST,NO,NO,,,,,,,,,,,
Sushant Lok 1,B598,500 square feet,4th Floor,4 BHK,3M,5.5 crores,EAST,NO,NO,,,,,,,,,,,
Sushant Lok 1,B607,500 square feet,1st Floor,4 BHK,3M,5.75 crores,EAST,YES,NO,,,,,,,,,,,
Sushant Lok 1,B607,500 square feet,2nd Floor,4 BHK,3M,5.75 crores,EAST,YES,NO,,,,,,,,,,,
Sushant Lok 1,B645,500 square feet,1st Floor,4 BHK,2M,5.5 crores,EAST,NO,NO,,,,,,,,,,,
Sushant Lok 1,B645,500 square feet,2nd Floor,4 BHK,2M,5.5 crores,EAST,NO,NO,,,,,,,,,,,
Sushant Lok 1,B645,500 square feet,3rd Floor,4 BHK,2M,5.5 crores,EAST,NO,NO,,,,,,,,,,,
Sushant Lok 1,B762,500 square feet,1st Floor,4 BHK,3M,4.25 crores,SOUTHWEST,NO,NO,,,,,,,,,,,
Sushant Lok 1,B762,500 square feet,2nd Floor,4 BHK,3M,4 crores,SOUTHWEST,NO,NO,,,,,,,,,,,
Sushant Lok 1,B762,500 square feet,3rd Floor,4 BHK,3M,4 crores,SOUTHWEST,NO,NO,,,,,,,,,,,
Sushant Lok 1,B762,500 square feet,4th Floor,4 BHK,3M,4.25 crores,SOUTHWEST,NO,NO,,,,,,,,,,,
Sushant Lok 1,C101,418 square feet,1st Floor,4 BHK,5M,Price on Request crores,WEST,NO,NO,,,,,,,,,,,
Sushant Lok 1,C101,418 square feet,2nd Floor,4 BHK,5M,Price on Request crores,WEST,NO,NO,,,,,,,,,,,
Sushant Lok 1,C101,418 square feet,3rd Floor,4 BHK,5M,Price on Request crores,WEST,NO,NO,,,,,,,,,,,
Sushant Lok 1,C101,418 square feet,4th Floor,4 BHK,5M,Price on Request crores,WEST,NO,NO,,,,,,,,,,,
Sushant Lok 1,C1017,300 square feet,1st Floor,4 BHK,6M,Price on Request crores,SOUTH,NO,NO,,,,,,,,,,,
Sushant Lok 1,C1017,300 square feet,2nd Floor,4 BHK,6M,Price on Request crores,SOUTH,NO,NO,,,,,,,,,,,
Sushant Lok 1,C1017,300 square feet,3rd Floor,4 BHK,6M,Price on Request crores,SOUTH,NO,NO,,,,,,,,,,,
Sushant Lok 1,C1017,300 square feet,4th Floor,4 BHK,6M,Price on Request crores,SOUTH,NO,NO,,,,,,,,,,,
Sushant Lok 1,C1029,215 square feet,2nd Floor,3 BHK,2M,2.7 crores,NORTH,NO,NO,,,,,,,,,,,
Sushant Lok 1,C105,418 square feet,1st Floor,4 BHK,2M,4.3 crores,WEST,NO,NO,,,,,,,,,,,
Sushant Lok 1,C105,418 square feet,2nd Floor,4 BHK,2M,4.25 crores,WEST,NO,NO,,,,,,,,,,,
Sushant Lok 1,C105,418 square feet,3rd Floor,4 BHK,2M,4.25 crores,WEST,NO,NO,,,,,,,,,,,
Sushant Lok 1,C105,418 square feet,4th Floor,4 BHK,2M,4.75 crores,WEST,NO,NO,,,,,,,,,,,
Sushant Lok 1,C1057,300 square feet,1st Floor,4 BHK,2M,3.65 crores,NORTHEAST,YES,NO,,,,,,,,,,,
Sushant Lok 1,C1057,300 square feet,2nd Floor,4 BHK,2M,3.5 crores,NORTHEAST,YES,NO,,,,,,,,,,,
Sushant Lok 1,C1057,300 square feet,3rd Floor,4 BHK,2M,3.5 crores,NORTHEAST,YES,NO,,,,,,,,,,,
Sushant Lok 1,C1057,300 square feet,4th Floor,4 BHK,2M,4 crores,NORTHEAST,YES,NO,,,,,,,,,,,
Sushant Lok 1,C1090F,300 square feet,1st Floor,4 BHK,5M,Price on Request crores,WEST,NO,YES,,,,,,,,,,,
Sushant Lok 1,C1090F,300 square feet,2nd Floor,4 BHK,5M,Price on Request crores,WEST,NO,YES,,,,,,,,,,,
Sushant Lok 1,C1090F,300 square feet,3rd Floor,4 BHK,5M,Price on Request crores,WEST,NO,YES,,,,,,,,,,,
Sushant Lok 1,C1090F,300 square feet,4th Floor,4 BHK,5M,Price on Request crores,WEST,NO,YES,,,,,,,,,,,
Sushant Lok 1,C112,418 square feet,1st Floor,4 BHK,2M,7 crores,WEST,YES,NO,,,,,,,,,,,
Sushant Lok 1,C112,418 square feet,2nd Floor,4 BHK,2M,4.5 crores,WEST,YES,NO,,,,,,,,,,,
Sushant Lok 1,C112,418 square feet,3rd Floor,4 BHK,2M,4.5 crores,WEST,YES,NO,,,,,,,,,,,
Sushant Lok 1,C112,418 square feet,4th Floor,4 BHK,2M,Price on Request crores,WEST,YES,NO,,,,,,,,,,,
Sushant Lok 1,C123,418 square feet,1st Floor,4 BHK,7M,4.7 crores,EAST,NO,NO,,,,,,,,,,,
Sushant Lok 1,C123,418 square feet,2nd Floor,4 BHK,7M,4.5 crores,EAST,NO,NO,,,,,,,,,,,
Sushant Lok 1,C123,418 square feet,3rd Floor,4 BHK,7M,4.5 crores,EAST,NO,NO,,,,,,,,,,,
Sushant Lok 1,C123,418 square feet,4th Floor,4 BHK,7M,5.25 crores,EAST,NO,NO,,,,,,,,,,,
Sushant Lok 1,C124,418 square feet,1st Floor,4 BHK,2M,4.8 crores,EAST,YES,NO,,,,,,,,,,,
Sushant Lok 1,C124,418 square feet,2nd Floor,4 BHK,2M,4.6 crores,EAST,YES,NO,,,,,,,,,,,
Sushant Lok 1,C124,418 square feet,3rd Floor,4 BHK,2M,4.6 crores,EAST,YES,NO,,,,,,,,,,,
Sushant Lok 1,C124,418 square feet,4th Floor,4 BHK,2M,5.15 crores,EAST,YES,NO,,,,,,,,,,,
Sushant Lok 1,C1/2788,300 square feet,1st Floor,4 BHK,3M,Price on Request crores,SOUTH,NO,NO,,,,,,,,,,,
Sushant Lok 1,C1/2788,300 square feet,2nd Floor,4 BHK,3M,Price on Request crores,SOUTH,NO,NO,,,,,,,,,,,
Sushant Lok 1,C1/2788,300 square feet,3rd Floor,4 BHK,3M,Price on Request crores,SOUTH,NO,NO,,,,,,,,,,,
Sushant Lok 1,C1/2788,300 square feet,4th Floor,4 BHK,3M,Price on Request crores,SOUTH,NO,NO,,,,,,,,,,,
Sushant Lok 1,C1/2790,300 square feet,1st Floor,4 BHK,1M,3.25 crores,SOUTHWEST,NO,NO,,,,,,,,,,,
Sushant Lok 1,C1/2790,300 square feet,2nd Floor,4 BHK,1M,3.2 crores,SOUTHWEST,NO,NO,,,,,,,,,,,
Sushant Lok 1,C1/2790,300 square feet,3rd Floor,4 BHK,1M,3.2 crores,SOUTHWEST,NO,NO,,,,,,,,,,,
Sushant Lok 1,C1/2795,300 square feet,1st Floor,4 BHK,12M,Price on Request crores,NORTH,NO,YES,,,,,,,,,,,
Sushant Lok 1,C1/2795,300 square feet,2nd Floor,4 BHK,12M,Price on Request crores,NORTH,NO,YES,,,,,,,,,,,
Sushant Lok 1,C1/2795,300 square feet,3rd Floor,4 BHK,12M,Price on Request crores,NORTH,NO,YES,,,,,,,,,,,
Sushant Lok 1,C1/2795,300 square feet,4th Floor,4 BHK,12M,Price on Request crores,NORTH,NO,YES,,,,,,,,,,,
Sushant Lok 1,C1/2844,300 square feet,1st Floor,4 BHK,1M,3 crores,WEST,NO,NO,,,,,,,,,,,
Sushant Lok 1,C1/2844,300 square feet,2nd Floor,4 BHK,1M,2.9 crores,WEST,NO,NO,,,,,,,,,,,
Sushant Lok 1,C1/2844,300 square feet,3rd Floor,4 BHK,1M,2.9 crores,WEST,NO,NO,,,,,,,,,,,
Sushant Lok 1,C1/2844,300 square feet,4th Floor,4 BHK,1M,3.2 crores,WEST,NO,NO,,,,,,,,,,,
Sushant Lok 1,C1/2920A,418 square feet,1st Floor,4 BHK,8M,4.5 crores,EAST,NO,NO,,,,,,,,,,,
Sushant Lok 1,C1/2920A,418 square feet,2nd Floor,4 BHK,8M,4.25 crores,EAST,NO,NO,,,,,,,,,,,
Sushant Lok 1,C1/2920A,418 square feet,3rd Floor,4 BHK,8M,4.25 crores,EAST,NO,NO,,,,,,,,,,,
Sushant Lok 1,C1/2920A,418 square feet,4th Floor,4 BHK,8M,4.85 crores,EAST,NO,NO,,,,,,,,,,,
Sushant Lok 1,C1/2923,418 square feet,1st Floor,4 BHK,4M,4.5 crores,EAST,NO,NO,,,,,,,,,,,
Sushant Lok 1,C1/2923,418 square feet,2nd Floor,4 BHK,4M,4.25 crores,EAST,NO,NO,,,,,,,,,,,
Sushant Lok 1,C1/2923,418 square feet,3rd Floor,4 BHK,4M,4.25 crores,EAST,NO,NO,,,,,,,,,,,
Sushant Lok 1,C1/2923,418 square feet,4th Floor,4 BHK,4M,4.8 crores,EAST,NO,NO,,,,,,,,,,,
Sushant Lok 1,C1/2925,418 square feet,1st Floor,4 BHK,4M,Price on Request crores,EAST,NO,NO,,,,,,,,,,,
Sushant Lok 1,C1/2925,418 square feet,2nd Floor,4 BHK,4M,Price on Request crores,EAST,NO,NO,,,,,,,,,,,
Sushant Lok 1,C1/2925,418 square feet,3rd Floor,4 BHK,4M,Price on Request crores,EAST,NO,NO,,,,,,,,,,,
Sushant Lok 1,C1/2925,418 square feet,4th Floor,4 BHK,4M,Price on Request crores,EAST,NO,NO,,,,,,,,,,,
Sushant Lok 1,C1/2948,215 square feet,1st Floor,3 BHK,6M,Price on Request crores,WEST,NO,NO,,,,,,,,,,,
Sushant Lok 1,C1/2948,215 square feet,2nd Floor,3 BHK,6M,Price on Request crores,WEST,NO,NO,,,,,,,,,,,
Sushant Lok 1,C1/2948,215 square feet,3rd Floor,3 BHK,6M,Price on Request crores,WEST,NO,NO,,,,,,,,,,,
Sushant Lok 1,C1/2948,215 square feet,4th Floor,3 BHK,6M,Price on Request crores,WEST,NO,NO,,,,,,,,,,,
Sushant Lok 1,C1519,215 square feet,1st Floor,3 BHK,15M,Price on Request crores,WEST,NO,NO,,,,,,,,,,,
Sushant Lok 1,C1519,215 square feet,2nd Floor,3 BHK,15M,Price on Request crores,WEST,NO,NO,,,,,,,,,,,
Sushant Lok 1,C1519,215 square feet,3rd Floor,3 BHK,15M,Price on Request crores,WEST,NO,NO,,,,,,,,,,,
Sushant Lok 1,C1519,215 square feet,4th Floor,3 BHK,15M,Price on Request crores,WEST,NO,NO,,,,,,,,,,,
Sushant Lok 1,C162A,418 square feet,1st Floor,4 BHK,2M,Price on Request crores,EAST,YES,NO,,,,,,,,,,,
Sushant Lok 1,C162A,418 square feet,2nd Floor,4 BHK,2M,5.5 crores,EAST,YES,NO,,,,,,,,,,,
Sushant Lok 1,C162A,418 square feet,3rd Floor,4 BHK,2M,5.5 crores,EAST,YES,NO,,,,,,,,,,,
Sushant Lok 1,C162A,418 square feet,4th Floor,4 BHK,2M,Price on Request crores,EAST,YES,NO,,,,,,,,,,,
Sushant Lok 1,C1779,215 square feet,1st Floor,3 BHK,15M,2.25 crores,SOUTHWEST,NO,NO,,,,,,,,,,,
Sushant Lok 1,C1779,215 square feet,2nd Floor,3 BHK,15M,2 crores,SOUTHWEST,NO,NO,,,,,,,,,,,
Sushant Lok 1,C1805,215 square feet,1st Floor,3 BHK,6M,2.3 crores,SOUTHWEST,NO,NO,,,,,,,,,,,
Sushant Lok 1,C1805,215 square feet,2nd Floor,3 BHK,6M,2.25 crores,SOUTHWEST,NO,NO,,,,,,,,,,,
Sushant Lok 1,C1805,215 square feet,3rd Floor,3 BHK,6M,2.25 crores,SOUTHWEST,NO,NO,,,,,,,,,,,
Sushant Lok 1,C1805,215 square feet,4th Floor,3 BHK,6M,2.4 crores,SOUTHWEST,NO,NO,,,,,,,,,,,
Sushant Lok 1,C1816,215 square feet,1st Floor,3 BHK,5M,Price on Request crores,SOUTHWEST,NO,NO,,,,,,,,,,,
Sushant Lok 1,C1816,215 square feet,2nd Floor,3 BHK,5M,Price on Request crores,SOUTHWEST,NO,NO,,,,,,,,,,,
Sushant Lok 1,C1816,215 square feet,3rd Floor,3 BHK,5M,Price on Request crores,SOUTHWEST,NO,NO,,,,,,,,,,,
Sushant Lok 1,C1816,215 square feet,4th Floor,3 BHK,5M,Price on Request crores,SOUTHWEST,NO,NO,,,,,,,,,,,
Sushant Lok 1,C1855,215 square feet,1st Floor,3 BHK,1M,2.45 crores,NORTHWEST,YES,NO,,,,,,,,,,,
Sushant Lok 1,C1855,215 square feet,2nd Floor,3 BHK,1M,2.25 crores,NORTHWEST,YES,NO,,,,,,,,,,,
Sushant Lok 1,C1855,215 square feet,3rd Floor,3 BHK,1M,2.25 crores,NORTHWEST,YES,NO,,,,,,,,,,,
Sushant Lok 1,C1855,215 square feet,4th Floor,3 BHK,1M,2.65 crores,NORTHWEST,YES,NO,,,,,,,,,,,
Sushant Lok 1,C19,418 square feet,1st Floor,4 BHK,4M,4.65 crores,SOUTH,NO,NO,,,,,,,,,,,
Sushant Lok 1,C19,418 square feet,2nd Floor,4 BHK,4M,4.45 crores,SOUTH,NO,NO,,,,,,,,,,,
Sushant Lok 1,C19A,418 square feet,1st Floor,4 BHK,1M,6 crores,WEST,NO,NO,,,,,,,,,,,
Sushant Lok 1,C19A,418 square feet,2nd Floor,4 BHK,1M,4.5 crores,WEST,NO,NO,,,,,,,,,,,
Sushant Lok 1,C19A,418 square feet,3rd Floor,4 BHK,1M,4.5 crores,WEST,NO,NO,,,,,,,,,,,
Sushant Lok 1,C19A,418 square feet,4th Floor,4 BHK,1M,5.5 crores,WEST,NO,NO,,,,,,,,,,,
Sushant Lok 1,C2/71A,418 square feet,1st Floor,4 BHK,3M,4.5 crores,NORTH,NO,NO,,,,,,,,,,,
Sushant Lok 1,C2/71A,418 square feet,2nd Floor,4 BHK,3M,4.5 crores,NORTH,NO,NO,,,,,,,,,,,
Sushant Lok 1,C2/71A,418 square feet,3rd Floor,4 BHK,3M,4.5 crores,NORTH,NO,NO,,,,,,,,,,,
Sushant Lok 1,C2/71A,418 square feet,4th Floor,4 BHK,3M,5.5 crores,NORTH,NO,NO,,,,,,,,,,,
Sushant Lok 1,C2095A,300 square feet,1st Floor,4 BHK,15M,Price on Request crores,SOUTH,NO,NO,,,,,,,,,,,
Sushant Lok 1,C2095A,300 square feet,2nd Floor,4 BHK,15M,Price on Request crores,SOUTH,NO,NO,,,,,,,,,,,
Sushant Lok 1,C2095A,300 square feet,3rd Floor,4 BHK,15M,Price on Request crores,SOUTH,NO,NO,,,,,,,,,,,
Sushant Lok 1,C2095A,300 square feet,4th Floor,4 BHK,15M,Price on Request crores,SOUTH,NO,NO,,,,,,,,,,,
Sushant Lok 1,C2470,300 square feet,1st Floor,4 BHK,17M,Price on Request crores,EAST,NO,NO,,,,,,,,,,,
Sushant Lok 1,C2470,300 square feet,2nd Floor,4 BHK,17M,Price on Request crores,EAST,NO,NO,,,,,,,,,,,
Sushant Lok 1,C2470,300 square feet,3rd Floor,4 BHK,17M,Price on Request crores,EAST,NO,NO,,,,,,,,,,,
Sushant Lok 1,C2470,300 square feet,4th Floor,4 BHK,17M,Price on Request crores,EAST,NO,NO,,,,,,,,,,,
Sushant Lok 1,C2473,300 square feet,1st Floor,4 BHK,5M,3.25 crores,EAST,NO,NO,,,,,,,,,,,
Sushant Lok 1,C2473,300 square feet,2nd Floor,4 BHK,5M,3 crores,EAST,NO,NO,,,,,,,,,,,
Sushant Lok 1,C2473,300 square feet,3rd Floor,4 BHK,5M,3 crores,EAST,NO,NO,,,,,,,,,,,
Sushant Lok 1,C2492,500 square feet,1st Floor,4 BHK,6M,7 crores,EAST,NO,NO,,,,,,,,,,,
Sushant Lok 1,C2492,500 square feet,2nd Floor,4 BHK,6M,5.25 crores,EAST,NO,NO,,,,,,,,,,,
Sushant Lok 1,C2492,500 square feet,3rd Floor,4 BHK,6M,5.25 crores,EAST,NO,NO,,,,,,,,,,,
Sushant Lok 1,C2492,500 square feet,4th Floor,4 BHK,6M,5.5 crores,EAST,NO,NO,,,,,,,,,,,
Sushant Lok 1,C2631,418 square feet,1st Floor,4 BHK,4M,4.8 crores,EAST,NO,NO,,,,,,,,,,,
Sushant Lok 1,C2631,418 square feet,2nd Floor,4 BHK,4M,4.6 crores,EAST,NO,NO,,,,,,,,,,,
Sushant Lok 1,C2631,418 square feet,3rd Floor,4 BHK,4M,4.6 crores,EAST,NO,NO,,,,,,,,,,,
Sushant Lok 1,C2631,418 square feet,4th Floor,4 BHK,4M,5.2 crores,EAST,NO,NO,,,,,,,,,,,
Sushant Lok 1,C34,418 square feet,1st Floor,4 BHK,10M,Price on Request crores,NORTH,NO,NO,,,,,,,,,,,
Sushant Lok 1,C34,418 square feet,2nd Floor,4 BHK,10M,Price on Request crores,NORTH,NO,NO,,,,,,,,,,,
Sushant Lok 1,C34,418 square feet,3rd Floor,4 BHK,10M,Price on Request crores,NORTH,NO,NO,,,,,,,,,,,
Sushant Lok 1,C34,418 square feet,4th Floor,4 BHK,10M,Price on Request crores,NORTH,NO,NO,,,,,,,,,,,
Sushant Lok 1,C364B,300 square feet,1st Floor,4 BHK,3M,4 crores,SOUTH,NO,NO,,,,,,,,,,,
Sushant Lok 1,C364B,300 square feet,2nd Floor,4 BHK,3M,3.75 crores,SOUTH,NO,NO,,,,,,,,,,,
Sushant Lok 1,C364B,300 square feet,3rd Floor,4 BHK,3M,3.75 crores,SOUTH,NO,NO,,,,,,,,,,,
Sushant Lok 1,C364B,300 square feet,4th Floor,4 BHK,3M,4.25 crores,SOUTH,NO,NO,,,,,,,,,,,
Sushant Lok 1,C364C,300 square feet,1st Floor,4 BHK,1M,3.6 crores,NORTH,NO,NO,,,,,,,,,,,
Sushant Lok 1,C364C,300 square feet,2nd Floor,4 BHK,1M,3.3 crores,NORTH,NO,NO,,,,,,,,,,,
Sushant Lok 1,C364C,300 square feet,3rd Floor,4 BHK,1M,3.3 crores,NORTH,NO,NO,,,,,,,,,,,
Sushant Lok 1,C364C,300 square feet,4th Floor,4 BHK,1M,3.7 crores,NORTH,NO,NO,,,,,,,,,,,
Sushant Lok 1,C385,300 square feet,1st Floor,4 BHK,4M,Price on Request crores,NORTHEAST,NO,NO,,,,,,,,,,,
Sushant Lok 1,C385,300 square feet,2nd Floor,4 BHK,4M,Price on Request crores,NORTHEAST,NO,NO,,,,,,,,,,,
Sushant Lok 1,C385,300 square feet,3rd Floor,4 BHK,4M,Price on Request crores,NORTHEAST,NO,NO,,,,,,,,,,,
Sushant Lok 1,C385,300 square feet,4th Floor,4 BHK,4M,Price on Request crores,NORTHEAST,NO,NO,,,,,,,,,,,
Sushant Lok 1,C40,418 square feet,1st Floor,4 BHK,6M,5.25 crores,NORTH,NO,NO,,,,,,,,,,,
Sushant Lok 1,C40,418 square feet,2nd Floor,4 BHK,6M,5 crores,NORTH,NO,NO,,,,,,,,,,,
Sushant Lok 1,C40,418 square feet,3rd Floor,4 BHK,6M,5 crores,NORTH,NO,NO,,,,,,,,,,,
Sushant Lok 1,C40,418 square feet,4th Floor,4 BHK,6M,5.75 crores,NORTH,NO,NO,,,,,,,,,,,
Sushant Lok 1,C442,300 square feet,1st Floor,4 BHK,4M,3.4 crores,NORTH,NO,NO,,,,,,,,,,,
Sushant Lok 1,C442,300 square feet,2nd Floor,4 BHK,4M,3.25 crores,NORTH,NO,NO,,,,,,,,,,,
Sushant Lok 1,C528,500 square feet,1st Floor,4 BHK,3M,Price on Request crores,EAST,NO,NO,,,,,,,,,,,
Sushant Lok 1,C528,500 square feet,2nd Floor,4 BHK,3M,Price on Request crores,EAST,NO,NO,,,,,,,,,,,
Sushant Lok 1,C528,500 square feet,3rd Floor,4 BHK,3M,Price on Request crores,EAST,NO,NO,,,,,,,,,,,
Sushant Lok 1,C528,500 square feet,4th Floor,4 BHK,3M,Price on Request crores,EAST,NO,NO,,,,,,,,,,,
Sushant Lok 1,C529,500 square feet,1st Floor,4 BHK,5M,Price on Request crores,WEST,NO,NO,,,,,,,,,,,
Sushant Lok 1,C529,500 square feet,2nd Floor,4 BHK,5M,Price on Request crores,WEST,NO,NO,,,,,,,,,,,
Sushant Lok 1,C529,500 square feet,3rd Floor,4 BHK,5M,Price on Request crores,WEST,NO,NO,,,,,,,,,,,
Sushant Lok 1,C529,500 square feet,4th Floor,4 BHK,5M,Price on Request crores,WEST,NO,NO,,,,,,,,,,,
Sushant Lok 1,C580,215 square feet,1st Floor,3 BHK,4M,2.25 crores,NORTH,YES,NO,,,,,,,,,,,
Sushant Lok 1,C580,215 square feet,2nd Floor,3 BHK,4M,2.15 crores,NORTH,YES,NO,,,,,,,,,,,
Sushant Lok 1,C580,215 square feet,3rd Floor,3 BHK,4M,2.15 crores,NORTH,YES,NO,,,,,,,,,,,
Sushant Lok 1,C580,215 square feet,4th Floor,3 BHK,4M,2.45 crores,NORTH,YES,NO,,,,,,,,,,,
Sushant Lok 1,C582,215 square feet,1st Floor,3 BHK,11M,Price on Request crores,NORTH,YES,NO,,,,,,,,,,,
Sushant Lok 1,C582,215 square feet,2nd Floor,3 BHK,11M,Price on Request crores,NORTH,YES,NO,,,,,,,,,,,
Sushant Lok 1,C582,215 square feet,3rd Floor,3 BHK,11M,Price on Request crores,NORTH,YES,NO,,,,,,,,,,,
Sushant Lok 1,C582,215 square feet,4th Floor,3 BHK,11M,Price on Request crores,NORTH,YES,NO,,,,,,,,,,,
Sushant Lok 1,C586,215 square feet,1st Floor,3 BHK,6M,2.4 crores,NORTH,YES,NO,,,,,,,,,,,
Sushant Lok 1,C587,215 square feet,1st Floor,3 BHK,6M,Price on Request crores,NORTH,YES,NO,,,,,,,,,,,
Sushant Lok 1,C587,215 square feet,2nd Floor,3 BHK,6M,Price on Request crores,NORTH,YES,NO,,,,,,,,,,,
Sushant Lok 1,C587,215 square feet,3rd Floor,3 BHK,6M,Price on Request crores,NORTH,YES,NO,,,,,,,,,,,
Sushant Lok 1,C587,215 square feet,4th Floor,3 BHK,6M,Price on Request crores,NORTH,YES,NO,,,,,,,,,,,
Sushant Lok 1,C639,215 square feet,1st Floor,3 BHK,15M,Price on Request crores,EAST,NO,NO,,,,,,,,,,,
Sushant Lok 1,C639,215 square feet,2nd Floor,3 BHK,15M,Price on Request crores,EAST,NO,NO,,,,,,,,,,,
Sushant Lok 1,C639,215 square feet,3rd Floor,3 BHK,15M,Price on Request crores,EAST,NO,NO,,,,,,,,,,,
Sushant Lok 1,C639,215 square feet,4th Floor,3 BHK,15M,Price on Request crores,EAST,NO,NO,,,,,,,,,,,
Sushant Lok 1,C656,215 square feet,1st Floor,3 BHK,4M,Price on Request crores,EAST,NO,NO,,,,,,,,,,,
Sushant Lok 1,C656,215 square feet,2nd Floor,3 BHK,4M,Price on Request crores,EAST,NO,NO,,,,,,,,,,,
Sushant Lok 1,C656,215 square feet,3rd Floor,3 BHK,4M,Price on Request crores,EAST,NO,NO,,,,,,,,,,,
Sushant Lok 1,C656,215 square feet,4th Floor,3 BHK,4M,Price on Request crores,EAST,NO,NO,,,,,,,,,,,
Sushant Lok 1,C66,418 square feet,1st Floor,4 BHK,4M,Price on Request crores,NORTH,NO,NO,,,,,,,,,,,
Sushant Lok 1,C66,418 square feet,2nd Floor,4 BHK,4M,Price on Request crores,NORTH,NO,NO,,,,,,,,,,,
Sushant Lok 1,C66,418 square feet,3rd Floor,4 BHK,4M,Price on Request crores,NORTH,NO,NO,,,,,,,,,,,
Sushant Lok 1,C66,418 square feet,4th Floor,4 BHK,4M,Price on Request crores,NORTH,NO,NO,,,,,,,,,,,
Sushant Lok 1,C666,215 square feet,1st Floor,3 BHK,4M,2.6 crores,WEST,NO,NO,,,,,,,,,,,
Sushant Lok 1,C666,215 square feet,2nd Floor,3 BHK,4M,2.5 crores,WEST,NO,NO,,,,,,,,,,,
Sushant Lok 1,C666,215 square feet,3rd Floor,3 BHK,4M,2.5 crores,WEST,NO,NO,,,,,,,,,,,
Sushant Lok 1,C666,215 square feet,4th Floor,3 BHK,4M,2.7 crores,WEST,NO,NO,,,,,,,,,,,
Sushant Lok 1,C775,215 square feet,1st Floor,3 BHK,7M,Price on Request crores,WEST,NO,NO,,,,,,,,,,,
Sushant Lok 1,C775,215 square feet,2nd Floor,3 BHK,7M,Price on Request crores,WEST,NO,NO,,,,,,,,,,,
Sushant Lok 1,C775,215 square feet,3rd Floor,3 BHK,7M,Price on Request crores,WEST,NO,NO,,,,,,,,,,,
Sushant Lok 1,C775,215 square feet,4th Floor,3 BHK,7M,Price on Request crores,WEST,NO,NO,,,,,,,,,,,
Sushant Lok 1,C893,215 square feet,1st Floor,3 BHK,3M,2.85 crores,SOUTH,NO,NO,,,,,,,,,,,
Sushant Lok 1,C893,215 square feet,2nd Floor,3 BHK,3M,2.75 crores,SOUTH,NO,NO,,,,,,,,,,,
Sushant Lok 1,C893,215 square feet,3rd Floor,3 BHK,3M,2.75 crores,SOUTH,NO,NO,,,,,,,,,,,
Sushant Lok 1,C893,215 square feet,4th Floor,3 BHK,3M,3 crores,SOUTH,NO,NO,,,,,,,,,,,
Sushant Lok 1,C893D,380 square feet,1st Floor,4 BHK,6M,4.5 crores,SOUTH,NO,YES,,,,,,,,,,,
Sushant Lok 1,C893D,380 square feet,2nd Floor,4 BHK,6M,4.25 crores,SOUTH,NO,YES,,,,,,,,,,,
Sushant Lok 1,C893D,380 square feet,3rd Floor,4 BHK,6M,4.25 crores,SOUTH,NO,YES,,,,,,,,,,,
Sushant Lok 1,C893D,380 square feet,4th Floor,4 BHK,6M,4.8 crores,SOUTH,NO,YES,,,,,,,,,,,
Sushant Lok 1,C901B,418 square feet,1st Floor,4 BHK,3M,Price on Request crores,SOUTH,NO,YES,,,,,,,,,,,
Sushant Lok 1,C901B,418 square feet,2nd Floor,4 BHK,3M,Price on Request crores,SOUTH,NO,YES,,,,,,,,,,,
Sushant Lok 1,C901B,418 square feet,3rd Floor,4 BHK,3M,Price on Request crores,SOUTH,NO,YES,,,,,,,,,,,
Sushant Lok 1,C901B,418 square feet,4th Floor,4 BHK,3M,Price on Request crores,SOUTH,NO,YES,,,,,,,,,,,
Sushant Lok 1,C929,215 square feet,1st Floor,3 BHK,6M,Price on Request crores,SOUTH,NO,NO,,,,,,,,,,,
Sushant Lok 1,C929,215 square feet,2nd Floor,3 BHK,6M,Price on Request crores,SOUTH,NO,NO,,,,,,,,,,,
Sushant Lok 1,C929,215 square feet,3rd Floor,3 BHK,6M,Price on Request crores,SOUTH,NO,NO,,,,,,,,,,,
Sushant Lok 1,C929,215 square feet,4th Floor,3 BHK,6M,Price on Request crores,SOUTH,NO,NO,,,,,,,,,,,
Sushant Lok 1,D234,418 square feet,1st Floor,4 BHK,6M,Price on Request crores,NORTH,NO,NO,,,,,,,,,,,
Sushant Lok 1,D234,418 square feet,2nd Floor,4 BHK,6M,Price on Request crores,NORTH,NO,NO,,,,,,,,,,,
Sushant Lok 1,D234,418 square feet,3rd Floor,4 BHK,6M,Price on Request crores,NORTH,NO,NO,,,,,,,,,,,
Sushant Lok 1,D234,418 square feet,4th Floor,4 BHK,6M,Price on Request crores,NORTH,NO,NO,,,,,,,,,,,
Sector 27,521,500 square feet,2nd Floor,4 BHK,1M,4.5 crores,NORTH,NO,YES,,,,,,,,,,,
Sector 27,521,500 square feet,3rd Floor,4 BHK,1M,4.5 crores,NORTH,NO,YES,,,,,,,,,,,
Sushant Lok 1,C28A,215 square feet,1st Floor,3 BHK,READY,2.6 crores,EAST,NO,NO,,,,,,,,,,,
Sushant Lok 1,C28A,215 square feet,2nd Floor,3 BHK,READY,2.45 crores,EAST,NO,NO,,,,,,,,,,,
SUSHANT LOK 1,C1061,300 square feet,2nd Floor,4 BHK,READY,3.1 crores,NORTHEAST,YES,NO,,,,,,,,,,,
Sushant Lok 1,C128,418 square feet,3rd Floor,4 BHK,READY,4.1 crores,EAST,NO,NO,,,,,,,,,,,
Sushant Lok 1,C599,215 square feet,1st Floor,3 BHK,READY,1.95 crores,WEST,NO,NO,,,,,,,,,,,
Sushant Lok 1,C1647,215 square feet,1st Floor,3 BHK,READY,3.15 crores,EAST,NO,NO,,,,,,,,,,,
SUSHANT LOK 1,C1763,215 square feet,4th Floor,3 BHK,READY,2 crores,NORTHEAST,NO,NO,,,,,,,,,,,
Sushant Lok 1,C1849,215 square feet,4th Floor,3 BHK,READY,2.1 crores,WEST,NO,NO,,,,,,,,,,,
Sushant Lok 1,C1999,300 square feet,1st Floor,4 BHK,READY,3.25 crores,NORTHEAST,NO,NO,,,,,,,,,,,
Sushant Lok 1,C1999,300 square feet,2nd Floor,4 BHK,READY,3.15 crores,NORTHEAST,NO,NO,,,,,,,,,,,
Sushant Lok 1,C1999,300 square feet,3rd Floor,4 BHK,READY,3.15 crores,NORTHEAST,NO,NO,,,,,,,,,,,
Sushant Lok 1,C1999,300 square feet,4th Floor,4 BHK,READY,3.4 crores,NORTHEAST,NO,NO,,,,,,,,,,,
Sushant Lok 1,C848,215 square feet,4th Floor,3 BHK,READY,2.5 crores,EAST,NO,NO,,,,,,,,,,,
Sushant Lok 1,A207A,500 square feet,2nd Floor,4 BHK,READY,5.25 crores,EAST,NO,NO,,,,,,,,,,,
Sushant Lok 1,A212A,418 square feet,1st Floor,4 BHK,READY,4.75 crores,NORTH,NO,YES,,,,,,,,,,,
Sushant Lok 1,A212A,418 square feet,2nd Floor,4 BHK,READY,4.5 crores,NORTH,NO,YES,,,,,,,,,,,
Sushant Lok 1,A212A,418 square feet,3rd Floor,4 BHK,READY,4.5 crores,NORTH,NO,YES,,,,,,,,,,,
Sushant Lok 1,A212A,418 square feet,4th Floor,4 BHK,READY,5 crores,NORTH,NO,YES,,,,,,,,,,,
Sushant Lok 1,C87,418 square feet,3rd Floor,4 BHK,READY,4.45 crores,SOUTH,NO,NO,,,,,,,,,,,
Sushant Lok 1,A881C,418 square feet,1st Floor,4 BHK,READY,4.25 crores,NORTH,NO,NO,,,,,,,,,,,
Sushant Lok 1,A881C,418 square feet,2nd Floor,4 BHK,READY,4 crores,NORTH,NO,NO,,,,,,,,,,,
Sushant Lok 1,A328A,360 square feet,1st Floor,4 BHK,READY,3.75 crores,WEST,NO,NO,,,,,,,,,,,
Sushant Lok 1,A328A,360 square feet,2nd Floor,4 BHK,READY,3.5 crores,WEST,NO,NO,,,,,,,,,,,
Sushant Lok 1,A328A,360 square feet,4th Floor,4 BHK,READY,4 crores,WEST,NO,NO,,,,,,,,,,,
Sushant Lok 1,B168A,300 square feet,1st Floor,4 BHK,READY,3.65 crores,EAST,NO,NO,,,,,,,,,,,
Sushant Lok 1,B168A,300 square feet,2nd Floor,4 BHK,READY,3.5 crores,EAST,NO,NO,,,,,,,,,,,
Sushant Lok 1,B168A,300 square feet,3rd Floor,4 BHK,READY,3.5 crores,EAST,NO,NO,,,,,,,,,,,
Sushant Lok 1,B311,300 square feet,2nd Floor,4 BHK,READY,4.35 crores,WEST,NO,NO,,,,,,,,,,,
Sushant Lok 1,B311,300 square feet,3rd Floor,4 BHK,READY,4.35 crores,WEST,NO,NO,,,,,,,,,,,
Sushant Lok 1,B359A,300 square feet,4th Floor,4 BHK,READY,3.9 crores,WEST,NO,NO,,,,,,,,,,,
Sushant Lok 1,C315,215 square feet,1st Floor,3 BHK,READY,2.55 crores,WEST,NO,NO,,,,,,,,,,,
Sushant Lok 1,C315,215 square feet,2nd Floor,3 BHK,READY,2.45 crores,WEST,NO,NO,,,,,,,,,,,
Sushant Lok 1,C2601,418 square feet,1st Floor,4 BHK,READY,4.25 crores,NORTH,YES,NO,,,,,,,,,,,
Sushant Lok 1,C770,215 square feet,4th Floor,3 BHK,READY,2 crores,WEST,NO,NO,,,,,,,,,,,
Sushant Lok 1,C97,418 square feet,2nd Floor,4 BHK,READY,3.95 crores,WEST,YES,YES,,,,,,,,,,,
Sushant Lok 1,C97,418 square feet,3rd Floor,4 BHK,READY,3.95 crores,WEST,YES,YES,,,,,,,,,,,
Sushant Lok 1,B283,215 square feet,1st Floor,3 BHK,READY,2.35 crores,WEST,NO,NO,,,,,,,,,,,
Sushant Lok 1,B283,215 square feet,2nd Floor,3 BHK,READY,2.25 crores,WEST,NO,NO,,,,,,,,,,,
Sushant Lok 1,A902,418 square feet,2nd Floor,4 BHK,READY,5.25 crores,EAST,NO,NO,,,,,,,,,,,
DLF City Phase 1,A29/15,502 square feet,1st Floor,4 BHK,READY,6 crores,SOUTHWEST,NO,NO,,,,,,,,,,,
Sushant Lok 1,C1025,300 square feet,1st Floor,4 BHK,READY,4.5 crores,SOUTH,NO,YES,,,,,,,,,,,
Sushant Lok 1,C1025,300 square feet,2nd Floor,4 BHK,READY,4.25 crores,SOUTH,NO,YES,,,,,,,,,,,
DLF City Phase 4,7514,270 square feet,2nd Floor,4 BHK,READY,3.25 crores,NORTH,NO,NO,,,,,,,,,,,
DLF City Phase 4,7514,270 square feet,3rd Floor,4 BHK,READY,3.25 crores,NORTH,NO,NO,,,,,,,,,,,
DLF City Phase 4,1511,360 square feet,2nd Floor,4 BHK,READY,3.65 crores,NORTH,NO,NO,,,,,,,,,,,
DLF City Phase 4,1511,360 square feet,3rd Floor,4 BHK,READY,3.65 crores,NORTH,NO,NO,,,,,,,,,,,
DLF City Phase 4,1511,360 square feet,4th Floor,4 BHK,READY,4.2 crores,NORTH,NO,NO,,,,,,,,,,,
DLF City Phase 4,3706,360 square feet,1st Floor,4 BHK,READY,3.7 crores,EAST,YES,NO,,,,,,,,,,,
DLF City Phase 4,6511,360 square feet,1st Floor,4 BHK,READY,4.7 crores,SOUTH,NO,NO,,,,,,,,,,,
DLF City Phase 4,5825,270 square feet,1st Floor,4 BHK,READY,3 crores,NORTH,NO,NO,,,,,,,,,,,
DLF City Phase 4,1707,360 square feet,2nd Floor,4 BHK,READY,4.25 crores,EAST,NO,NO,,,,,,,,,,,
DLF City Phase 4,1209,360 square feet,1st Floor,4 BHK,READY,4.85 crores,SOUTH,NO,NO,,,,,,,,,,,
DLF City Phase 4,1209,360 square feet,2nd Floor,4 BHK,READY,3.9 crores,SOUTH,NO,NO,,,,,,,,,,,
DLF City Phase 4,1209,360 square feet,3rd Floor,4 BHK,READY,3.9 crores,SOUTH,NO,NO,,,,,,,,,,,
DLF City Phase 4,5115,360 square feet,3rd Floor,4 BHK,READY,4.25 crores,WEST,NO,NO,,,,,,,,,,,
DLF City Phase 4,7320,270 square feet,1st Floor,3 BHK,READY,Price on Request crores,WEST,NO,NO,,,,,,,,,,,
DLF City Phase 4,7320,270 square feet,2nd Floor,3 BHK,READY,2.9 crores,WEST,NO,NO,,,,,,,,,,,
DLF City Phase 4,7320,270 square feet,3rd Floor,3 BHK,READY,2.9 crores,WEST,NO,NO,,,,,,,,,,,
DLF City Phase 4,7320,270 square feet,4th Floor,3 BHK,READY,Price on Request crores,WEST,NO,NO,,,,,,,,,,,
Sushant Lok 1,A606A,300 square feet,1st Floor,4 BHK,READY,3.25 crores,SOUTH,NO,NO,,,,,,,,,,,
Sushant Lok 1,B359,300 square feet,1st Floor,4 BHK,READY,3.6 crores,SOUTH,NO,NO,,,,,,,,,,,
Sushant Lok 1,B145,418 square feet,1st Floor,4 BHK,READY,4.75 crores,WEST,NO,NO,,,,,,,,,,,
Sushant Lok 1,B145,418 square feet,2nd Floor,4 BHK,READY,4.5 crores,WEST,NO,NO,,,,,,,,,,,
DLF City Phase 3,SIRIS ROAD/47,500 square feet,2nd Floor,4 BHK,READY,5.2 crores,South East,NO,NO,,,,,,,,,,,
DLF City Phase 3,SIRIS ROAD/47,500 square feet,3rd Floor,4 BHK,READY,5.2 crores,South East,NO,NO,,,,,,,,,,,
Sushant Lok 1,B449,300 square feet,3rd Floor,4 BHK,READY,3.5 crores,South,NO,NO,,,,,,,,,,,
